Timestamp,M1,M2,C1,C2
0,1,-1,5,1
3,1,-1,5,1
9,1,-1,5,1
15,1,-1,5,1
21,1,-1,5,1
28,1,-2,5,1
33,0,-1,5,1
39,0,-1,5,1
45,1,-1,5,1
52,1,-1,5,1
57,0,-1,5,1
63,0,-1,5,1
68,0,-1,5,1
76,1,-2,5,1
82,0,-1,5,1
88,1,-1,5,1
93,0,-1,5,1
99,0,-1,5,1
105,0,-1,5,1
112,0,-1,5,1
118,0,-1,5,1
124,1,-1,5,1
130,1,-1,5,1
135,1,-1,5,1
141,1,-1,5,1
148,0,-1,5,1
153,1,-1,5,1
160,0,-1,5,1
166,1,-1,5,1
172,0,-1,5,1
178,0,-1,5,1
184,1,-1,5,1
190,1,-1,5,1
195,0,-1,5,1
201,1,-1,5,1
207,1,-1,5,1
213,1,-1,5,1
219,1,-1,5,1
225,0,-1,5,1
231,0,-1,5,1
237,0,-1,5,1
243,1,-1,5,1
249,1,-1,5,1
255,1,-1,5,1
261,1,-1,5,1
267,1,-1,5,1
273,0,-1,5,1
279,1,-1,5,1
285,1,-1,5,1
291,0,-1,5,1
297,1,-1,5,1
303,1,-1,5,1
309,1,-1,5,1
315,0,-1,5,1
321,0,-1,5,1
327,1,-1,5,1
333,1,-1,5,1
339,0,-2,5,1
345,1,-1,5,1
351,0,-1,5,1
357,1,-1,5,1
363,0,-1,5,1
369,0,-1,5,1
375,0,-1,5,1
381,1,-1,5,1
387,0,-1,5,1
392,0,-1,5,1
399,1,-1,5,1
405,1,-1,5,1
411,0,-1,5,1
417,1,-1,5,1
423,1,-1,5,1
429,0,-1,5,1
435,0,-1,5,1
441,0,-1,5,1
446,1,-1,5,1
453,1,-1,5,1
459,0,-1,5,1
465,1,-1,5,1
470,1,-1,5,1
476,1,-1,5,1
483,1,-1,5,1
489,1,-1,5,1
495,1,-1,5,1
500,1,-1,5,1
507,1,-1,5,1
513,1,-1,5,1
518,1,-2,5,1
524,1,-1,5,1
530,1,-1,5,1
537,0,-2,5,1
543,0,-1,5,1
549,1,-1,5,1
555,0,-1,5,1
561,1,-1,5,1
566,1,-1,5,1
573,1,-1,5,1
579,1,-2,5,1
584,0,-1,5,1
590,1,-1,5,1
597,0,-1,5,1
603,1,-1,5,1
609,1,-2,5,1
615,1,-1,5,1
621,1,-1,5,1
627,0,-1,5,1
633,0,-1,5,1
639,0,-1,5,1
645,1,-1,5,1
651,1,-1,5,1
657,0,-1,5,1
662,1,-1,5,1
669,0,-1,5,1
675,1,-1,5,1
681,0,-1,5,1
687,1,-1,5,1
693,0,-1,5,1
699,0,-1,5,1
705,1,-1,5,1
711,1,-1,5,1
717,1,-1,5,1
723,0,-1,5,1
729,1,-1,5,1
735,0,-1,5,1
741,0,-1,5,1
747,1,-1,5,1
753,0,-1,5,1
758,0,-1,5,1
765,1,-1,5,1
771,0,-1,5,1
776,1,-1,5,1
783,0,-1,5,1
789,0,-1,5,1
795,0,-1,5,1
801,0,-1,5,1
807,1,-1,5,1
813,1,-1,5,1
819,1,-1,5,1
825,1,-1,5,1
831,0,-1,5,1
836,1,-1,5,1
842,0,-1,5,1
849,1,-1,5,1
855,0,-1,5,1
861,1,-1,5,1
866,1,-1,5,1
872,1,-1,5,1
879,0,-1,5,1
884,0,-1,5,1
890,0,-1,5,1
896,0,-1,5,1
902,0,-2,5,1
909,1,-1,5,1
915,0,-1,5,1
921,0,-1,5,1
927,1,-1,5,1
932,0,-1,5,1
939,1,-1,5,1
945,1,-1,5,1
951,1,-1,5,1
956,0,-1,5,1
962,1,-1,5,1
968,0,-1,5,1
974,0,-1,5,1
980,1,-1,5,1
987,0,-1,5,1
993,1,-1,5,1
999,1,-1,5,1
1004,0,-1,5,1
1011,0,-1,5,1
1017,1,-1,5,1
1023,0,-1,5,1
1029,0,-1,5,1
1034,0,-1,5,1
1040,1,-1,5,1
1046,1,-1,5,1
1053,0,-1,5,1
1059,0,-1,5,1
1065,0,-1,5,1
1071,0,-1,5,1
1076,1,-2,5,1
1082,1,-1,5,1
1089,0,-2,5,1
1095,1,-1,5,1
1101,1,-1,5,1
1106,1,-1,5,1
1112,1,-1,5,1
1118,0,-1,5,1
1125,0,-1,5,1
1131,0,-1,5,1
1137,1,-1,5,1
1142,0,-1,5,1
1148,1,-1,5,1
1154,1,-1,5,1
1160,1,-1,5,1
1167,0,-1,5,1
1173,0,-1,5,1
1178,0,-1,5,1
1184,0,-1,5,1
1191,0,-1,5,1
1196,1,-1,5,1
1202,1,-1,5,1
1208,0,-1,5,1
1214,1,-1,5,1
1220,0,-2,5,1
1226,0,-1,5,1
1233,0,-1,5,1
1238,1,-1,5,1
1244,1,-1,5,1
1250,0,-1,5,1
1256,0,-1,5,1
1263,1,-1,5,1
1269,1,-1,5,1
1274,0,-1,5,1
1280,0,-1,5,1
1286,1,-1,5,1
1292,1,-1,5,1
1298,1,-1,5,1
1304,1,-1,5,1
1310,1,-1,5,1
1316,1,-1,5,1
1322,1,-1,5,1
1328,0,-1,5,1
1334,0,-2,5,1
1340,0,-1,5,1
1345,1,-1,5,1
1351,1,-1,5,1
1358,0,-1,5,1
1364,1,-1,5,1
1370,1,-1,5,1
1376,0,-1,5,1
1382,0,-1,5,1
1388,0,-1,5,1
1394,1,-2,5,1
1400,1,-1,5,1
1406,0,-2,5,1
1412,1,-1,5,1
1418,1,-1,5,1
1424,1,-1,5,1
1430,1,-1,5,1
1436,0,-1,5,1
1442,1,-1,5,1
1448,0,-1,5,1
1454,1,-1,5,1
1460,0,-1,5,1
1466,0,-1,5,1
1471,1,-1,5,1
1478,0,-1,5,1
1484,1,-1,5,1
1490,1,-1,5,1
1496,0,-1,5,1
1501,0,-1,5,1
1508,0,-1,5,1
1514,1,-1,5,1
1520,0,-1,5,1
1526,0,-1,5,1
1532,1,-1,5,1
1538,0,-1,5,1
1544,1,-1,5,1
1549,1,-1,5,1
1555,0,-1,5,1
1562,1,-1,5,1
1568,0,-1,5,1
1574,0,-2,5,1
1580,1,-1,5,1
1586,0,-1,5,1
1591,1,-1,5,1
1597,1,-1,5,1
1603,0,-1,5,1
1610,1,-1,5,1
1616,1,-1,5,1
1622,1,-1,5,1
1627,0,-1,5,1
1634,0,-1,5,1
1640,1,-1,5,1
1646,1,-1,5,1
1652,0,-1,5,1
1658,1,-1,5,1
1664,0,-1,5,1
1670,1,-1,5,1
1676,1,-1,5,1
1682,1,-1,5,1
1688,1,-1,5,1
1694,1,-1,5,1
1700,1,-1,5,1
1705,0,-1,5,1
1711,0,-2,5,1
1717,1,-1,5,1
1724,1,-1,5,1
1730,0,-1,5,1
1735,0,-1,5,1
1742,1,-1,5,1
1747,0,-1,5,1
1754,1,-1,5,1
1759,0,-1,5,1
1766,1,-1,5,1
1771,1,-1,5,1
1778,0,-1,5,1
1784,0,-1,5,1
1790,0,-1,5,1
1796,1,-1,5,1
1802,0,-1,5,1
1808,1,-1,5,1
1814,0,-1,5,1
1820,0,-1,5,1
1825,0,-1,5,1
1831,0,-1,5,1
1837,1,-1,5,1
1844,1,-1,5,1
1850,0,-1,5,1
1855,1,-1,5,1
1862,1,-1,5,1
1867,0,-1,5,1
1874,0,-1,5,1
1880,0,-1,5,1
1885,0,-1,5,1
1892,1,-1,5,1
1898,1,-1,5,1
1903,1,-1,5,1
1909,1,-1,5,1
1915,0,-1,5,1
1921,1,-1,5,1
1928,1,-1,5,1
1933,1,-2,5,1
1939,0,-1,5,1
1945,1,-1,5,1
1951,0,-1,5,1
1957,0,-1,5,1
1963,1,-1,5,1
1970,1,-1,5,1
1976,1,-2,5,1
1981,1,-1,5,1
1988,0,-1,5,1
1994,0,-1,5,1
2000,0,-1,5,1
2006,1,-1,5,1
2012,1,-1,5,1
2018,1,-1,5,1
2023,0,-1,5,1
2029,0,-1,5,1
2035,1,-1,5,1
2042,1,-1,5,1
2048,1,-1,5,1
2053,0,-1,5,1
2059,1,-1,5,1
2065,1,-1,5,1
2071,1,-1,5,1
2078,0,-1,5,1
2084,0,-1,5,1
2090,1,-1,5,1
2095,1,-1,5,1
2102,0,-1,5,1
2107,1,-1,5,1
2114,0,-1,5,1
2120,0,-1,5,1
2125,1,-1,5,1
2131,1,-1,5,1
2137,1,-1,5,1
2143,0,-1,5,1
2150,1,-2,5,1
2156,0,-1,5,1
2162,1,-1,5,1
2168,1,-1,5,1
2173,0,-1,5,1
2179,0,-1,5,1
2185,0,-1,5,1
2191,0,-1,5,1
2197,0,-1,5,1
2203,1,-1,5,1
2209,1,-1,5,1
2215,1,-1,5,1
2221,0,-1,5,1
2227,1,-1,5,1
2233,0,-1,5,1
2239,0,-1,5,1
2245,1,-1,5,1
2251,1,-1,5,1
2257,1,-1,5,1
2263,0,-1,5,1
2269,0,-1,5,1
2275,1,-1,5,1
2281,0,-1,5,1
2287,0,-1,5,1
2292,1,-1,5,1
2299,1,-1,5,1
2305,0,-1,5,1
2311,0,-1,5,1
2317,1,-1,5,1
2323,1,-1,5,1
2329,0,-1,5,1
2335,1,-1,5,1
2341,0,-1,5,1
2347,1,-1,5,1
2353,0,-1,5,1
2359,0,-1,5,1
2365,0,-1,5,1
2371,0,-1,5,1
2377,1,-1,5,1
2383,1,-1,5,1
2389,0,-1,5,1
2395,1,-1,5,1
2401,0,-1,5,1
2407,0,-1,5,1
2413,0,-2,5,1
2419,1,-1,5,1
2425,1,-1,5,1
2431,0,-1,5,1
2437,0,-1,5,1
2443,1,-1,5,1
2449,1,-1,5,1
2455,1,-1,5,1
2461,1,-1,5,1
2467,1,-1,5,1
2473,0,-1,5,1
2479,0,-1,5,1
2485,1,-1,5,1
2491,1,-1,5,1
2497,1,-1,5,1
2503,1,-2,5,1
2508,1,-1,5,1
2515,0,-1,5,1
2521,1,-1,5,1
2527,0,-1,5,1
2533,1,-1,5,1
2539,1,-1,5,1
2545,0,-1,5,1
2551,0,-1,5,1
2557,0,-1,5,1
2563,1,-1,5,1
2569,1,-1,5,1
2575,1,-1,5,1
2581,1,-1,5,1
2587,1,-1,5,1
2593,0,-1,5,1
2599,0,-1,5,1
2604,1,-1,5,1
2610,0,-1,5,1
2617,1,-1,5,1
2623,1,-1,5,1
2629,1,-1,5,1
2634,1,-1,5,1
2640,1,-1,5,1
2646,1,-1,5,1
2653,1,-1,5,1
2658,0,-1,5,1
2665,0,-1,5,1
2671,1,-1,5,1
2677,1,-1,5,1
2682,1,-1,5,1
2689,0,-1,5,1
2695,1,-1,5,1
2701,1,-1,5,1
2707,1,-1,5,1
2713,1,-1,5,1
2719,1,-1,5,1
2725,1,-1,5,1
2731,0,-1,5,1
2737,0,-1,5,1
2743,1,-1,5,1
2748,1,-1,5,1
2755,1,-1,5,1
2761,1,-1,5,1
2767,1,-1,5,1
2773,1,-1,5,1
2778,0,-1,5,1
2785,1,-1,5,1
2791,1,-1,5,1
2797,1,-1,5,1
2803,1,-1,5,1
2809,0,-1,5,1
2815,0,-1,5,1
2821,1,-1,5,1
2827,0,-1,5,1
2833,1,-1,5,1
2838,1,-1,5,1
2844,1,-1,5,1
2851,0,-1,5,1
2857,0,-1,5,1
2863,1,-1,5,1
2869,0,-1,5,1
2875,0,-1,5,1
2880,1,-1,5,1
2886,1,-1,5,1
2892,0,-2,5,1
2899,1,-1,5,1
2905,1,-1,5,1
2911,0,-1,5,1
2916,0,-1,5,1
2923,0,-1,5,1
2929,1,-1,5,1
2935,1,-1,5,1
2941,1,-1,5,1
2947,1,-1,5,1
2953,0,-1,5,1
2958,0,-1,5,1
2964,1,-1,5,1
2971,1,-1,5,1
2976,0,-1,5,1
2983,0,-1,5,1
2989,1,-1,5,1
2995,1,-1,5,1
3000,0,-1,5,1
3006,1,-1,5,1
3013,1,-1,5,1
3019,0,-1,5,1
3024,0,-1,5,1
3031,1,-1,5,1
3036,0,-1,5,1
3042,0,-1,5,1
3048,1,-1,5,1
3054,0,-1,5,1
3060,1,-1,5,1
3067,1,-1,5,1
3073,1,-1,5,1
3079,0,-1,5,1
3084,0,-1,5,1
3090,0,-1,5,1
3097,0,-1,5,1
3103,1,-1,5,1
3109,0,-1,5,1
3115,0,-1,5,1
3121,0,-1,5,1
3126,0,-1,5,1
3132,0,-1,5,1
3139,1,-1,5,1
3145,1,-1,5,1
3151,0,-1,5,1
3157,0,-1,5,1
3161,0,-1,5,1
3168,1,-2,5,1
3174,0,-1,5,1
3180,1,-1,5,1
3186,0,-1,5,1
3192,0,-1,5,1
3198,0,-1,5,1
3204,1,-1,5,1
3210,1,-1,5,1
3216,0,-1,5,1
3223,0,-1,5,1
3228,0,-1,5,1
3234,0,-1,5,1
3240,0,-1,5,1
3246,0,-1,5,1
3253,0,-1,5,1
3258,0,-1,5,1
3264,1,-1,5,1
3270,0,-1,5,1
3276,1,-1,5,1
3282,0,-1,5,1
3288,0,-1,5,1
3294,1,-1,5,1
3300,0,-1,5,1
3306,0,-1,5,1
3312,0,-1,5,1
3318,1,-1,5,1
3324,0,-1,5,1
3330,0,-1,5,1
3336,1,-1,5,1
3342,1,-1,5,1
3348,0,-1,5,1
3354,1,-1,5,1
3360,0,-1,5,1
3366,1,-1,5,1
3372,0,-1,5,1
3377,0,-1,5,1
3384,1,-1,5,1
3390,0,-1,5,1
3396,0,-1,5,1
3402,0,-1,5,1
3408,1,-1,5,1
3413,0,-1,5,1
3420,0,-1,5,1
3426,0,-1,5,1
3432,1,-1,5,1
3438,0,-1,5,1
3444,0,-1,5,1
3450,0,-1,5,1
3456,0,-1,5,1
3462,0,-1,5,1
3468,1,-1,5,1
3474,0,-1,5,1
3480,0,-1,5,1
3485,1,-1,5,1
3492,0,-1,5,1
3498,0,-1,5,1
3504,0,-1,5,1
3510,0,-1,5,1
3516,0,-1,5,1
3522,0,-1,5,1
3528,1,-1,5,1
3534,0,-1,5,1
3539,0,-1,5,1
3546,0,-1,5,1
3552,1,-1,5,1
3558,0,-1,5,1
3563,0,-1,5,1
3569,1,-1,5,1
3576,0,-2,5,1
3582,1,-1,5,1
3588,0,-1,5,1
3594,1,-1,5,1
3600,0,-1,5,1
3605,1,-1,5,1
3611,0,-1,5,1
3618,1,-1,5,1
3624,0,-1,5,1
3630,0,-1,5,1
3636,0,-1,5,1
3642,1,-1,5,1
3648,1,-1,5,1
3653,0,-1,5,1
3659,1,-1,5,1
3666,1,-1,5,1
3672,0,-1,5,1
3678,0,-1,5,1
3683,0,-1,5,1
3689,1,-1,5,1
3696,0,-1,5,1
3702,0,-1,5,1
3707,0,-1,5,1
3714,0,-1,5,1
3720,1,-1,5,1
3726,0,-1,5,1
3732,0,-1,5,1
3738,0,-1,5,1
3744,0,-1,5,1
3750,1,-1,5,1
3756,0,-1,5,1
3762,0,-1,5,1
3767,0,-1,5,1
3773,1,-1,5,1
3780,1,-1,5,1
3786,0,-1,5,1
3792,0,-1,5,1
3797,0,-1,5,1
3803,1,-1,5,1
3810,1,-1,5,1
3816,0,-1,5,1
3822,0,-1,5,1
3828,1,-1,5,1
3833,0,-1,5,1
3840,1,-1,5,1
3846,0,-1,5,1
3851,0,-1,5,1
3857,0,-1,5,1
3863,0,-1,5,1
3870,0,-1,5,1
3876,0,-1,5,1
3882,1,-1,5,1
3888,1,-1,5,1
3893,1,-1,5,1
3899,1,-1,5,1
3905,0,-1,5,1
3911,0,-1,5,1
3917,1,-1,5,1
3924,1,-1,5,1
3930,1,-1,5,1
3936,1,-1,5,1
3941,1,-1,5,1
3947,1,-1,5,1
3954,1,-1,5,1
3960,1,-1,5,1
3966,1,-1,5,1
3971,1,-1,5,1
3977,1,-1,5,1
3983,1,-1,5,1
3990,1,-1,5,1
3996,1,-1,5,1
4001,1,-1,5,1
4008,1,-1,5,1
4014,1,-1,5,1
4020,1,-1,5,1
4026,1,-1,5,1
4032,1,-1,5,1
4038,1,-1,5,1
4044,1,-1,5,1
4050,1,-1,5,1
4056,1,-1,5,1
4062,1,-1,5,1
4067,1,-1,5,1
4073,1,-1,5,1
4079,1,-1,5,1
4086,1,-1,5,1
4091,1,-1,5,1
4098,1,-1,5,1
4104,1,-1,5,1
4109,1,-1,5,1
4116,1,-1,5,1
4122,1,-1,5,1
4127,1,-1,5,1
4133,1,-1,5,1
4139,0,-1,5,1
4145,1,-1,5,1
4152,1,-1,5,1
4158,1,-1,5,1
4164,1,-1,5,1
4169,1,-1,5,1
4175,1,-1,5,1
4181,1,-1,5,1
4187,1,-1,5,1
4193,1,-1,5,1
4199,1,-1,5,1
4205,1,-1,5,1
4211,0,-1,5,1
4218,0,-1,5,1
4223,1,-1,5,1
4229,1,-1,5,1
4235,1,-1,5,1
4241,1,-1,5,1
4247,1,-1,5,1
4253,1,-1,5,1
4259,1,-1,5,1
4265,1,-1,5,1
4271,1,-1,5,1
4277,1,-1,5,1
4284,0,-1,5,1
4289,0,-1,5,1
4295,1,-1,5,1
4301,1,-1,5,1
4307,0,-1,5,1
4313,1,-1,5,1
4319,1,-1,5,1
4325,1,-1,5,1
4331,1,-1,5,1
4337,1,-1,5,1
4343,1,-1,5,1
4349,1,-1,5,1
4355,1,-1,5,1
4361,0,-1,5,1
4367,0,-1,5,1
4373,1,-1,5,1
4379,0,-1,5,1
4385,1,-1,5,1
4391,1,-1,5,1
4397,0,-1,5,1
4403,1,-1,5,1
4409,0,-1,5,1
4415,0,-1,5,1
4421,1,-1,5,1
4427,0,-1,5,1
4432,0,-1,5,1
4439,1,-1,5,1
4445,0,-1,5,1
4451,0,-2,5,1
4457,1,-2,5,1
4463,1,-1,5,1
4469,0,-2,5,1
4475,1,-1,5,1
4481,1,-1,5,1
4487,1,-1,5,1
4493,0,-1,5,1
4499,0,-1,5,1
4505,0,-1,5,1
4511,0,-1,5,1
4517,1,-1,5,1
4523,0,-1,5,1
4529,0,-1,5,1
4535,0,-1,5,1
4541,0,-1,5,1
4547,1,-1,5,1
4553,0,-1,5,1
4559,1,-1,5,1
4565,1,-1,5,1
4571,1,-1,5,1
4576,1,-1,5,1
4582,0,-1,5,1
4588,0,-1,5,1
4595,0,-1,5,1
4601,0,-1,5,1
4607,0,-1,5,1
4613,0,-1,5,1
4619,0,-1,5,1
4625,0,-1,5,1
4631,1,-1,5,1
4637,0,-1,5,1
4643,0,-1,5,1
4649,1,-1,5,1
4655,0,-1,5,1
4661,0,-1,5,1
4667,1,-2,5,1
4673,0,-1,5,1
4679,1,-1,5,1
4685,0,-1,5,1
4691,0,-1,5,1
4697,0,-1,5,1
4703,0,-1,5,1
4709,0,-1,5,1
4715,0,-1,5,1
4721,0,-1,5,1
4727,0,-1,5,1
4733,0,-1,5,1
4739,1,-1,5,1
4745,1,-1,5,1
4751,0,-1,5,1
4757,0,-1,5,1
4762,0,-1,5,1
4768,0,-1,5,1
4774,1,-1,5,1
4781,0,-1,5,1
4787,1,-1,5,1
4793,0,-1,5,1
4799,0,-1,5,1
4805,0,-1,5,1
4810,1,-1,5,1
4816,0,-1,5,1
4823,1,-1,5,1
4829,0,-1,5,1
4835,0,-1,5,1
4841,1,-1,5,1
4847,0,-1,5,1
4853,1,-1,5,1
4859,0,-1,5,1
4865,1,-1,5,1
4870,0,-1,5,1
4876,0,-1,5,1
4883,1,-1,5,1
4889,1,-1,5,1
4895,0,-1,5,1
4900,0,-1,5,1
4907,1,-1,5,1
4912,0,-1,5,1
4919,0,-1,5,1
4925,0,-1,5,1
4931,0,-1,5,1
4936,0,-1,5,1
4942,1,-1,5,1
4949,0,-1,5,1
4954,0,-1,5,1
4960,0,-1,5,1
4967,0,-1,5,1
4973,0,-1,5,1
4978,0,-1,5,1
4985,1,-1,5,1
4991,1,-1,5,1
4997,1,-1,5,1
5003,0,-1,5,1
5009,1,-1,5,1
5015,1,-1,5,1
5020,0,-1,5,1
5026,1,-1,5,1
5032,1,-1,5,1
5039,1,-1,5,1
5044,1,-1,5,1
5051,0,-1,5,1
5057,0,-1,5,1
5063,0,-1,5,1
5069,0,-1,5,1
5074,1,-1,5,1
5080,0,-1,5,1
5087,1,-1,5,1
5093,1,-1,5,1
5099,0,-1,5,1
5105,1,-1,5,1
5110,1,-1,5,1
5117,1,-1,5,1
5123,1,-1,5,1
5129,1,-1,5,1
5134,1,-1,5,1
5140,1,-1,5,1
5146,1,-1,5,1
5153,1,-1,5,1
5159,1,-1,5,1
5164,1,-1,5,1
5170,1,-1,5,1
5176,1,-1,5,1
5182,1,-1,5,1
5188,1,-1,5,1
5194,1,-1,5,1
5200,1,-1,5,1
5206,1,-1,5,1
5213,1,-1,5,1
5218,1,-1,5,1
5224,1,-1,5,1
5230,1,-1,5,1
5236,1,-1,5,1
5242,1,-1,5,1
5248,1,-1,5,1
5255,1,-1,5,1
5260,1,-1,5,1
5266,1,-1,5,1
5272,1,-1,5,1
5278,1,-1,5,1
5284,1,-1,5,1
5290,1,-1,5,1
5296,1,-1,5,1
5302,1,-1,5,1
5308,1,-1,5,1
5314,1,-1,5,1
5320,1,-1,5,1
5326,1,-1,5,1
5332,1,-1,5,1
5338,1,-1,5,1
5344,1,-1,5,1
5350,1,-1,5,1
5356,1,-1,5,1
5362,1,-1,5,1
5368,1,-1,5,1
5374,1,-1,5,1
5380,1,-1,5,1
5386,1,-1,5,1
5392,1,-1,5,1
5398,1,-1,5,1
5404,0,-1,5,1
5410,1,-1,5,1
5416,1,-1,5,1
5422,1,-1,5,1
5428,1,-1,5,1
5434,0,-1,5,1
5440,1,-1,5,1
5446,1,-1,5,1
5452,1,-1,5,1
5458,0,-2,5,1
5464,0,-1,5,1
5470,0,-1,5,1
5475,0,-1,5,1
5481,0,-1,5,1
5488,0,-1,5,1
5494,1,-1,5,1
5500,1,-1,5,1
5506,0,-1,5,1
5512,0,-1,5,1
5518,0,-1,5,1
5524,0,-1,5,1
5530,0,-1,5,1
5536,0,-1,5,1
5542,0,-1,5,1
5547,0,-1,5,1
5553,0,-1,5,1
5560,0,-1,5,1
5566,0,-1,5,1
5572,0,-1,5,1
5578,0,-1,5,1
5583,0,-1,5,1
5590,1,-1,5,1
5596,0,-1,5,1
5602,0,-2,5,1
5608,0,-1,5,1
5614,0,-1,5,1
5620,1,-1,5,1
5626,1,-1,5,1
5632,0,-1,5,1
5638,0,-1,5,1
5644,0,-1,5,1
5649,1,-1,5,1
5656,0,-1,5,1
5662,0,-1,5,1
5668,0,-1,5,1
5674,0,-1,5,1
5680,0,-1,5,1
5686,0,-1,5,1
5692,1,-1,5,1
5698,0,-1,5,1
5703,0,-1,5,1
5709,0,-1,5,1
5716,0,-1,5,1
5722,0,-1,5,1
5728,0,-1,5,1
5734,0,-1,5,1
5740,0,-1,5,1
5745,0,-1,5,1
5752,0,-1,5,1
5758,0,-1,5,1
5764,0,-1,5,1
5770,1,-1,5,1
5776,0,-1,5,1
5782,0,-1,5,1
5787,1,-1,5,1
5793,0,-1,5,1
5800,0,-1,5,1
5805,1,-1,5,1
5811,0,-1,5,1
5817,0,-1,5,1
5824,1,-1,5,1
5830,1,-1,5,1
5835,0,-1,5,1
5841,0,-1,5,1
5848,1,-1,5,1
5854,1,-1,5,1
5860,1,-1,5,1
5866,1,-1,5,1
5871,0,-1,5,1
5878,0,-1,5,1
5884,1,-1,5,1
5890,1,-1,5,1
5896,1,-1,5,1
5902,0,-1,5,1
5907,1,-1,5,1
5913,0,-1,5,1
5920,0,-1,5,1
5925,0,-1,5,1
5932,0,-1,5,1
5938,0,-1,5,1
5944,0,-1,5,1
5950,1,-1,5,1
5956,0,-1,5,1
5961,1,-1,5,1
5968,0,-1,5,1
5974,1,-1,5,1
5980,1,-1,5,1
5986,1,-1,5,1
5991,0,-1,5,1
5997,0,-1,5,1
6003,1,-1,5,1
6009,0,-1,5,1
6015,0,-1,5,1
6021,0,-1,5,1
6027,0,-1,5,1
6034,1,-1,5,1
6040,0,-1,5,1
6045,1,-1,5,1
6051,0,-2,5,1
6058,0,-1,5,1
6063,0,-2,5,1
6070,0,-1,5,1
6076,0,-1,5,1
6081,0,-2,5,1
6088,0,-1,5,1
6094,0,-1,5,1
6100,0,-1,5,1
6105,0,-1,5,1
6112,0,-1,5,1
6118,1,-1,5,1
6124,1,-1,5,1
6130,0,-1,5,1
6136,0,-1,5,1
6141,0,-1,5,1
6147,0,-1,5,1
6153,1,-1,5,1
6159,1,-1,5,1
6165,1,-1,5,1
6172,1,-1,5,1
6177,1,-1,5,1
6184,1,-1,5,1
6190,0,-1,5,1
6195,0,-1,5,1
6201,1,-1,5,1
6207,1,-1,5,1
6213,1,-1,5,1
6219,0,-2,5,1
6225,0,-1,5,1
6231,0,-1,5,1
6237,1,-1,5,1
6243,1,-1,5,1
6249,0,-1,5,1
6255,0,-1,5,1
6261,0,-1,5,1
6267,1,-1,5,1
6273,1,-1,5,1
6279,1,-1,5,1
6285,0,-2,5,1
6291,1,-1,5,1
6297,0,-1,5,1
6303,0,-1,5,1
6309,0,-1,5,1
6315,0,-1,5,1
6321,1,-1,5,1
6327,1,-1,5,1
6333,1,-1,5,1
6339,1,-1,5,1
6345,0,-1,5,1
6351,1,-1,5,1
6357,1,-1,5,1
6363,0,-1,5,1
6369,1,-1,5,1
6375,0,-1,5,1
6381,0,-1,5,1
6386,1,-1,5,1
6393,1,-1,5,1
6398,1,-1,5,1
6405,0,-1,5,1
6411,0,-1,5,1
6417,0,-1,5,1
6423,0,-1,5,1
6429,0,-1,5,1
6435,1,-1,5,1
6441,0,-1,5,1
6447,0,-1,5,1
6453,1,-1,5,1
6459,0,-1,5,1
6465,0,-1,5,1
6470,1,-1,5,1
6477,1,-1,5,1
6483,0,-1,5,1
6489,0,-1,5,1
6495,1,-1,5,1
6501,1,-1,5,1
6507,0,-1,5,1
6512,0,-1,5,1
6519,0,-1,5,1
6525,0,-1,5,1
6531,0,-1,5,1
6536,0,-1,5,1
6542,0,-1,5,1
6549,0,-1,5,1
6555,1,-1,5,1
6561,1,-1,5,1
6567,1,-1,5,1
6573,1,-1,5,1
6579,0,-1,5,1
6584,1,-1,5,1
6590,0,-1,5,1
6596,1,-1,5,1
6602,0,-1,5,1
6608,1,-1,5,1
6615,1,-1,5,1
6621,0,-1,5,1
6627,1,-1,5,1
6633,1,-1,5,1
6639,1,-1,5,1
6645,0,-1,5,1
6650,1,-1,5,1
6656,1,-1,5,1
6663,1,-1,5,1
6669,1,-1,5,1
6675,1,-1,5,1
6681,0,-1,5,1
6687,1,-1,5,1
6693,0,-1,5,1
6699,0,-1,5,1
6705,1,-1,5,1
6711,0,-1,5,1
6717,0,-1,5,1
6723,0,-1,5,1
6729,1,-1,5,1
6735,0,-1,5,1
6741,0,-1,5,1
6747,0,-1,5,1
6753,0,-1,5,1
6759,1,-1,5,1
6764,0,-1,5,1
6771,1,-1,5,1
6777,0,-1,5,1
6783,1,-1,5,1
6789,0,-1,5,1
6795,1,-1,5,1
6801,1,-1,5,1
6806,0,-1,5,1
6812,0,-1,5,1
6818,1,-1,5,1
6825,1,-1,5,1
6831,0,-1,5,1
6837,1,-1,5,1
6842,1,-1,5,1
6848,1,-1,5,1
6854,0,-2,5,1
6861,0,-1,5,1
6867,1,-1,5,1
6873,1,-1,5,1
6879,1,-1,5,1
6885,1,-1,5,1
6890,1,-1,5,1
6896,0,-1,5,1
6902,1,-1,5,1
6908,0,-1,5,1
6914,0,-1,5,1
6920,0,-1,5,1
6926,1,-1,5,1
6932,0,-1,5,1
6939,0,-1,5,1
6944,1,-1,5,1
6951,1,-1,5,1
6957,1,-1,5,1
6962,1,-1,5,1
6968,0,-1,5,1
6975,1,-1,5,1
6981,0,-1,5,1
6987,1,-1,5,1
6993,0,-1,5,1
6998,0,-1,5,1
7004,0,-1,5,1
7010,1,-1,5,1
7016,1,-1,5,1
7022,0,-1,5,1
7029,0,-1,5,1
7035,1,-1,5,1
7041,1,-1,5,1
7046,0,-1,5,1
7052,1,-1,5,1
7059,0,-1,5,1
7065,1,-1,5,1
7070,0,-1,5,1
7076,0,-1,5,1
7082,0,-1,5,1
7089,0,-1,5,1
7095,0,-1,5,1
7101,1,-1,5,1
7107,0,-1,5,1
7113,1,-1,5,1
7118,0,-1,5,1
7124,0,-1,5,1
7130,1,-1,5,1
7136,0,-1,5,1
7143,0,-1,5,1
7149,1,-1,5,1
7155,1,-1,5,1
7160,0,-1,5,1
7166,0,-1,5,1
7172,1,-1,5,1
7178,1,-1,5,1
7184,1,-1,5,1
7190,1,-1,5,1
7196,0,-1,5,1
7202,0,-1,5,1
7208,0,-1,5,1
7214,1,-1,5,1
7220,1,-1,5,1
7226,1,-1,5,1
7232,1,-1,5,1
7238,1,-1,5,1
7244,0,-1,5,1
7250,0,-1,5,1
7256,1,-1,5,1
7262,1,-1,5,1
7268,0,-1,5,1
7274,1,-1,5,1
7280,0,-1,5,1
7286,1,-1,5,1
7292,0,-1,5,1
7298,1,-1,5,1
7304,1,-1,5,1
7310,0,-1,5,1
7316,1,-1,5,1
7322,0,-1,5,1
7328,0,-1,5,1
7334,0,-1,5,1
7340,1,-1,5,1
7346,0,-1,5,1
7352,0,-1,5,1
7358,0,-1,5,1
7364,0,-1,5,1
7369,0,-1,5,1
7376,0,-1,5,1
7382,1,-1,5,1
7388,1,-1,5,1
7394,1,-1,5,1
7400,1,-1,5,1
7406,1,-1,5,1
7412,1,-1,5,1
7417,0,-1,5,1
7423,1,-1,5,1
7429,0,-1,5,1
7436,1,-1,5,1
7441,0,-1,5,1
7447,1,-1,5,1
7454,0,-1,5,1
7459,1,-1,5,1
7466,0,-1,5,1
7472,1,-1,5,1
7478,0,-1,5,1
7484,0,-1,5,1
7490,0,-1,5,1
7496,1,-1,5,1
7502,1,-1,5,1
7508,0,-1,5,1
7514,0,-1,5,1
7520,1,-1,5,1
7526,1,-1,5,1
7532,1,-1,5,1
7538,1,-1,5,1
7544,0,-1,5,1
7550,0,-1,5,1
7556,0,-1,5,1
7561,1,-1,5,1
7568,0,-1,5,1
7574,0,-1,5,1
7580,1,-1,5,1
7586,0,-1,5,1
7591,1,-1,5,1
7597,0,-1,5,1
7604,1,-1,5,1
7610,1,-1,5,1
7616,1,-1,5,1
7622,1,-1,5,1
7628,1,-1,5,1
7634,0,-1,5,1
7640,0,-1,5,1
7646,1,-1,5,1
7652,0,-1,5,1
7657,1,-2,5,1
7664,0,-1,5,1
7670,1,-1,5,1
7676,1,-1,5,1
7682,0,-1,5,1
7688,1,-1,5,1
7694,1,-1,5,1
7700,0,-1,5,1
7706,0,-1,5,1
7712,0,-1,5,1
7718,1,-1,5,1
7724,1,-1,5,1
7730,0,-1,5,1
7736,1,-1,5,1
7742,1,-1,5,1
7747,0,-1,5,1
7754,0,-1,5,1
7760,0,-1,5,1
7766,0,-1,5,1
7771,0,-1,5,1
7777,1,-1,5,1
7784,0,-1,5,1
7790,1,-1,5,1
7795,0,-1,5,1
7801,1,-1,5,1
7807,1,-1,5,1
7814,0,-1,5,1
7820,0,-1,5,1
7825,1,-1,5,1
7831,1,-1,5,1
7838,0,-1,5,1
7844,1,-1,5,1
7849,1,-1,5,1
7856,0,-1,5,1
7861,0,-1,5,1
7868,1,-1,5,1
7874,0,-1,5,1
7880,0,-1,5,1
7886,1,-1,5,1
7892,1,-1,5,1
7898,0,-1,5,1
7903,1,-1,5,1
7910,1,-1,5,1
7916,1,-1,5,1
7921,1,-1,5,1
7928,0,-1,5,1
7934,0,-1,5,1
7940,1,-1,5,1
7945,0,-1,5,1
7951,0,-1,5,1
7958,0,-1,5,1
7964,1,-1,5,1
7970,0,-1,5,1
7975,1,-1,5,1
7981,1,-1,5,1
7987,1,-1,5,1
7994,0,-1,5,1
8000,1,-1,5,1
8005,1,-1,5,1
8011,1,-1,5,1
8017,0,-1,5,1
8023,0,-1,5,1
8030,1,-1,5,1
8036,1,-1,5,1
8041,0,-1,5,1
8048,1,-1,5,1
8053,0,-2,5,1
8060,1,-1,5,1
8066,1,-1,5,1
8072,0,-1,5,1
8078,0,-1,5,1
8084,0,-1,5,1
8090,0,-1,5,1
8096,1,-1,5,1
8101,1,-1,5,1
8107,0,-1,5,1
8113,1,-1,5,1
8119,0,-1,5,1
8125,0,-1,5,1
8131,1,-1,5,1
8138,1,-1,5,1
8144,0,-1,5,1
8149,1,-1,5,1
8155,1,-1,5,1
8162,0,-1,5,1
8168,0,-1,5,1
8173,0,-1,5,1
8179,1,-1,5,1
8185,1,-1,5,1
8191,0,-1,5,1
8197,0,-1,5,1
8203,1,-1,5,1
8209,0,-1,5,1
8215,1,-1,5,1
8222,0,-1,5,1
8227,1,-1,5,1
8233,1,-1,5,1
8239,1,-1,5,1
8245,0,-1,5,1
8251,0,-1,5,1
8257,1,-1,5,1
8263,0,-1,5,1
8269,0,-1,5,1
8275,0,-1,5,1
8281,0,-1,5,1
8287,0,-1,5,1
8293,0,-1,5,1
8299,1,-2,5,1
8305,1,-1,5,1
8311,0,-1,5,1
8317,0,-1,5,1
8323,1,-1,5,1
8329,1,-1,5,1
8335,0,-1,5,1
8341,0,-2,5,1
8347,1,-1,5,1
8353,0,-1,5,1
8359,1,-1,5,1
8365,1,-1,5,1
8371,0,-1,5,1
8377,1,-1,5,1
8383,0,-1,5,1
8389,1,-1,5,1
8395,1,-1,5,1
8401,1,-1,5,1
8407,1,-1,5,1
8413,1,-1,5,1
8418,1,-1,5,1
8425,1,-1,5,1
8431,1,-1,5,1
8437,0,-1,5,1
8443,1,-1,5,1
8449,1,-1,5,1
8455,0,-1,5,1
8461,0,-1,5,1
8466,1,-1,5,1
8473,0,-1,5,1
8479,1,-1,5,1
8485,1,-1,5,1
8491,1,-1,5,1
8497,1,-1,5,1
8502,0,-1,5,1
8509,1,-1,5,1
8515,1,-1,5,1
8521,0,-1,5,1
8527,1,-1,5,1
8533,1,-1,5,1
8539,0,-1,5,1
8545,1,-1,5,1
8551,1,-1,5,1
8557,0,-1,5,1
8563,1,-1,5,1
8569,0,-1,5,1
8575,0,-1,5,1
8580,0,-1,5,1
8586,0,-1,5,1
8593,0,-1,5,1
8599,0,-1,5,1
8605,1,-1,5,1
8611,1,-1,5,1
8617,0,-1,5,1
8623,0,-1,5,1
8629,1,-1,5,1
8635,1,-1,5,1
8641,1,-1,5,1
8646,1,-1,5,1
8652,1,-1,5,1
8659,1,-1,5,1
8665,0,-1,5,1
8671,1,-1,5,1
8677,0,-1,5,1
8683,0,-1,5,1
8689,1,-1,5,1
8695,0,-1,5,1
8700,0,-1,5,1
8707,1,-1,5,1
8713,1,-1,5,1
8719,0,-1,5,1
8724,1,-1,5,1
8730,0,-1,5,1
8736,0,-1,5,1
8742,1,-1,5,1
8748,1,-1,5,1
8755,0,-1,5,1
8760,0,-1,5,1
8767,1,-1,5,1
8772,0,-2,5,1
8778,0,-1,5,1
8785,0,-1,5,1
8791,0,-1,5,1
8797,0,-1,5,1
8802,0,-1,5,1
8808,0,-1,5,1
8814,1,-1,5,1
8821,1,-1,5,1
8827,1,-1,5,1
8833,1,-1,5,1
8839,1,-1,5,1
8845,0,-1,5,1
8851,1,-1,5,1
8857,1,-1,5,1
8863,0,-1,5,1
8869,1,-1,5,1
8875,0,-1,5,1
8881,1,-1,5,1
8887,0,-1,5,1
8892,1,-1,5,1
8898,0,-1,5,1
8904,1,-1,5,1
8910,0,-1,5,1
8917,0,-1,5,1
8922,1,-1,5,1
8929,1,-1,5,1
8935,0,-2,5,1
8941,1,-1,5,1
8946,1,-1,5,1
8952,0,-2,5,1
8959,0,-1,5,1
8965,1,-1,5,1
8971,1,-1,5,1
8977,1,-1,5,1
8983,1,-1,5,1
8988,0,-1,5,1
8994,1,-1,5,1
9001,0,-1,5,1
9007,0,-1,5,1
9013,1,-1,5,1
9018,0,-1,5,1
9024,0,-1,5,1
9030,1,-1,5,1
9036,1,-1,5,1
9043,0,-1,5,1
9049,1,-1,5,1
9054,0,-2,5,1
9060,1,-1,5,1
9067,1,-1,5,1
9072,1,-1,5,1
9078,0,-1,5,1
9084,1,-2,5,1
9091,0,-1,5,1
9097,0,-1,5,1
9102,1,-1,5,1
9108,1,-1,5,1
9114,1,-1,5,1
9121,1,-1,5,1
9126,0,-2,5,1
9133,0,-1,5,1
9138,0,-1,5,1
9144,0,-2,5,1
9150,0,-2,5,1
9157,1,-1,5,1
9163,0,-1,5,1
9169,0,-1,5,1
9175,1,-1,5,1
9180,0,-1,5,1
9186,1,-1,5,1
9192,1,-1,5,1
9198,1,-2,5,1
9204,0,-2,5,1
9210,0,-2,5,1
9216,1,-1,5,1
9222,1,-1,5,1
9228,0,-2,5,1
9234,0,-1,5,1
9240,0,-1,5,1
9246,1,-2,5,1
9252,0,-1,5,1
9259,0,-2,5,1
9264,0,-2,5,1
9270,1,-1,5,1
9276,0,-1,5,1
9282,1,-1,5,1
9288,1,-2,5,1
9294,0,-1,6,1
9300,0,-1,6,1
9306,1,-1,9,1
9312,1,-1,7,1
9318,0,-2,6,1
9324,1,-2,7,1
9330,1,-2,6,1
9336,0,-1,7,1
9342,0,-1,7,1
9348,1,-2,8,1
9354,1,-1,6,1
9360,1,-2,6,1
9366,0,-1,7,1
9372,1,-1,7,1
9378,0,-1,7,1
9384,0,-1,7,1
9390,0,-1,7,1
9396,1,-1,7,1
9402,1,-2,7,1
9408,1,-2,7,1
9414,0,-1,7,1
9420,1,-1,7,1
9426,0,-1,7,1
9432,1,-2,6,1
9438,0,-1,5,1
9444,0,-1,5,1
9450,1,-2,5,1
9456,1,-2,5,1
9462,1,-1,5,1
9468,1,-2,5,1
9474,1,-2,5,1
9480,0,-2,5,1
9486,1,-2,5,1
9492,0,-2,5,1
9498,0,-1,5,1
9503,1,-1,5,1
9510,1,-2,5,1
9516,1,-1,5,1
9521,0,-1,5,1
9527,1,-1,5,1
9533,1,-2,5,1
9540,0,-2,5,1
9546,1,-1,5,1
9551,1,-1,5,1
9557,1,-1,5,1
9564,0,-1,5,1
9570,1,-1,5,1
9576,1,-1,5,1
9582,0,-1,5,1
9588,0,-1,5,1
9594,0,-2,5,1
9600,1,-1,5,1
9606,1,-1,5,1
9612,1,-1,5,1
9618,1,-2,5,1
9624,0,-1,5,1
9629,0,-1,5,1
9636,0,-2,5,1
9642,0,-1,5,1
9648,0,-2,5,1
9654,1,-2,5,1
9660,1,-2,5,1
9666,0,-1,5,1
9672,1,-1,5,1
9678,0,0,5,1
9684,1,1,5,1
9690,1,1,5,1
9696,1,0,5,1
9702,0,-1,5,1
9708,1,-1,5,1
9714,1,-1,5,1
9720,1,-1,5,1
9726,1,-2,5,1
9732,1,-1,5,1
9738,1,-1,5,1
9744,0,-1,5,1
9750,1,-1,5,1
9756,1,-1,5,1
9762,1,-2,5,1
9768,1,-1,5,1
9774,1,-1,5,1
9780,0,-1,5,1
9786,1,-1,5,1
9791,1,-1,5,1
9797,0,-2,5,1
9804,1,-2,5,1
9810,0,-1,5,1
9816,1,-2,5,1
9822,1,-1,5,1
9828,0,-2,5,1
9833,0,-2,5,1
9840,0,-1,5,1
9846,0,-1,5,1
9852,0,-1,5,1
9857,0,-2,5,1
9863,1,-1,5,1
9870,1,-2,5,1
9876,0,-1,5,1
9882,1,-1,5,1
9888,1,-2,5,1
9894,1,-1,5,1
9900,0,-1,5,1
9905,1,-1,5,1
9912,0,-1,5,1
9917,1,-1,5,1
9923,0,-2,5,1
9930,0,-1,5,1
9935,1,-1,5,1
9942,1,-2,5,1
9948,0,-1,5,1
9954,0,-1,5,1
9959,1,-2,5,1
9965,0,-1,5,1
9971,1,-1,5,1
9978,1,-1,5,1
9983,1,-1,5,1
9989,0,-1,5,1
9995,0,-1,5,1
10001,1,-2,5,1
10007,1,-2,5,1
10013,0,-1,5,1
10020,0,-1,5,1
10025,1,-2,5,1
10031,0,-1,5,1
10037,0,-1,5,1
10043,0,-1,5,1
10049,0,-1,5,1
10056,0,-1,5,1
10062,0,-2,5,1
10067,0,-1,5,1
10073,1,-1,5,1
10079,0,-1,5,1
10086,0,-1,5,1
10091,0,-2,5,1
10097,0,-1,5,1
10103,1,-2,5,1
10110,0,-1,5,1
10116,1,-2,5,1
10121,0,-1,5,1
10127,0,-1,5,1
10133,1,-1,5,1
10140,0,-1,5,1
10145,1,-1,5,1
10151,1,-1,5,1
10157,1,-1,5,1
10163,0,-1,5,1
10170,0,-1,5,1
10175,0,0,5,1
10181,0,1,5,1
10186,0,1,5,1
10193,1,1,5,1
10199,1,1,5,1
10205,0,1,5,1
10211,0,1,5,1
10217,0,1,5,1
10223,1,1,5,1
10229,0,1,5,1
10235,0,1,5,1
10241,0,1,5,1
10247,0,1,5,1
10253,0,1,5,1
10259,1,1,5,1
10265,0,1,5,1
10271,0,1,5,1
10277,1,1,5,1
10283,1,1,5,1
10289,1,1,5,1
10295,1,1,5,1
10301,0,1,5,1
10307,1,1,5,1
10313,1,1,5,1
10319,1,1,5,1
10325,0,1,5,1
10331,1,1,5,1
10337,1,1,5,1
10343,0,1,5,1
10348,0,1,5,1
10355,1,1,5,1
10361,0,1,5,1
10367,0,1,5,1
10373,0,1,5,1
10379,1,1,5,1
10385,1,1,5,1
10391,1,1,5,1
10397,1,1,5,1
10403,0,1,5,1
10409,0,1,5,1
10415,0,1,5,1
10421,0,1,5,1
10426,1,1,5,1
10432,0,1,5,1
10439,0,1,5,1
10445,1,0,5,1
10450,0,0,5,1
10457,0,0,5,1
10463,1,0,5,1
10468,1,0,5,1
10475,0,-1,5,1
10481,0,-1,5,1
10487,0,-1,5,1
10493,0,-1,5,1
10499,0,-1,5,1
10505,0,-1,5,1
10511,0,-1,5,1
10517,1,-1,5,1
10523,1,-1,5,1
10529,1,-1,5,1
10535,1,-1,5,1
10541,0,-1,5,1
10547,0,-1,5,1
10553,0,-1,5,1
10559,1,-1,5,1
10564,0,-1,5,1
10570,0,-1,5,1
10576,0,-1,5,1
10583,0,-1,5,1
10589,1,-1,5,1
10595,1,-1,5,1
10601,0,-2,5,1
10606,0,-1,5,1
10613,1,-1,5,1
10619,1,-2,5,1
10625,1,-1,5,1
10631,1,-1,5,1
10637,1,-1,5,1
10643,0,-2,5,1
10649,1,-1,5,1
10655,0,-2,5,1
10661,0,-1,5,1
10667,1,-1,5,1
10673,1,-1,5,1
10679,0,-2,5,1
10685,0,-1,5,1
10691,1,-1,5,1
10697,1,-1,5,1
10703,1,-1,5,1
10709,1,1,5,1
10715,0,1,5,1
10721,1,0,5,1
10727,0,-1,5,1
10733,1,-1,5,1
10739,0,0,5,1
10745,0,0,5,1
10750,0,-1,5,1
10757,1,-1,5,1
10763,1,0,5,1
10769,0,0,5,1
10775,1,-1,5,1
10781,0,-1,5,1
10787,0,-1,5,1
10793,0,-2,5,1
10799,1,-1,5,1
10805,0,-1,5,1
10811,1,-1,5,1
10817,1,-1,5,1
10823,1,-1,5,1
10829,1,-1,5,1
10834,0,-1,5,1
10841,1,-1,5,1
10847,1,-1,5,1
10853,1,-1,5,1
10859,1,-1,5,1
10865,0,-1,5,1
10871,1,-1,5,1
10876,0,-1,5,1
10883,0,-1,5,1
10889,0,-1,5,1
10895,1,-1,5,1
10900,0,-1,5,1
10907,1,-1,5,1
10912,0,-1,5,1
10918,0,-1,5,1
10925,1,-1,5,1
10930,0,-1,5,1
10936,1,-1,5,1
10943,0,-1,5,1
10949,1,-1,5,1
10955,0,-1,5,1
10960,0,-1,5,1
10967,0,-1,5,1
10973,0,-1,5,1
10979,1,-1,5,1
10984,0,-1,5,1
10990,1,-1,5,1
10996,1,-1,5,1
11003,1,-1,5,1
11009,0,-1,5,1
11014,1,-1,5,1
11020,1,-1,5,1
11027,0,-1,5,1
11032,1,-1,5,1
11039,1,-1,5,1
11045,1,-1,5,1
11051,1,-1,5,1
11057,0,-1,5,1
11062,1,-1,5,1
11068,0,-1,5,1
11074,1,-1,5,1
11081,1,-1,5,1
11087,0,-1,5,1
11092,0,-1,5,1
11098,1,-1,5,1
11105,1,-1,5,1
11110,1,-1,5,1
11116,1,-1,5,1
11122,1,-1,5,1
11129,0,-1,5,1
11134,1,-1,5,1
11140,0,-1,5,1
11146,1,-1,5,1
11152,0,-1,5,1
11158,0,-1,5,1
11165,0,-1,5,1
11169,0,-1,5,1
11176,0,-1,5,1
11182,1,-1,5,1
11188,1,-1,5,1
11194,0,-1,5,1
11200,0,-1,5,1
11206,0,-1,5,1
11212,0,-1,5,1
11218,1,-1,5,1
11224,0,-1,5,1
11230,1,-1,5,1
11236,0,-1,5,1
11242,1,-1,5,1
11248,0,-1,5,1
11254,0,-1,5,1
11260,0,-1,5,1
11266,0,-1,5,1
11272,0,-1,5,1
11278,0,-1,5,1
11284,1,-1,5,1
11290,1,-1,5,1
11296,1,-1,5,1
11302,0,-1,5,1
11308,1,-1,5,1
11314,0,-1,5,1
11320,0,-1,5,1
11326,1,-1,5,1
11332,0,-1,5,1
11338,0,-1,5,1
11344,1,-1,5,1
11350,1,-1,5,1
11356,1,-1,5,1
11362,1,-1,5,1
11367,1,-1,5,1
11374,0,-1,5,1
11380,1,-1,5,1
11386,1,-1,5,1
11391,0,-1,5,1
11398,1,-1,5,1
11404,0,-1,5,1
11410,1,-1,6,1
11416,1,-1,6,1
11422,0,-1,6,1
11428,1,-1,6,1
11433,0,-1,6,1
11440,1,-1,6,1
11446,0,-1,6,1
11452,0,-1,6,1
11458,1,-1,6,1
11464,0,-1,6,1
11470,0,-1,6,1
11476,0,-1,6,1
11481,1,-1,6,1
11488,0,-1,6,1
11494,1,-1,6,1
11500,0,-1,6,1
11506,1,-1,6,1
11512,0,-1,6,1
11518,0,-1,6,1
11524,0,-1,6,1
11530,1,-1,6,1
11536,0,-1,6,1
11542,0,-1,6,1
11548,1,-1,6,1
11554,0,-1,6,1
11559,0,-1,6,1
11566,0,-1,6,1
11572,0,-1,6,1
11578,0,-1,6,1
11584,1,-1,6,1
11590,1,-1,6,1
11596,0,-1,6,1
11602,1,-1,6,1
11608,0,-1,6,1
11614,1,-1,6,1
11620,1,-1,6,1
11626,1,-1,6,1
11632,1,-1,6,1
11638,0,-1,6,1
11644,1,-1,6,1
11650,0,-1,6,1
11656,0,-1,6,1
11662,1,-1,6,1
11668,0,-1,6,1
11674,0,-1,6,1
11680,0,-1,6,1
11686,1,-1,6,1
11692,0,-1,6,1
11698,0,-1,6,1
11704,0,-1,6,1
11710,1,-1,6,1
11715,1,-1,6,1
11721,0,-1,6,1
11728,0,-1,6,1
11733,0,-1,6,1
11739,0,-1,6,1
11746,0,-1,6,1
11752,1,-1,6,1
11757,0,-1,6,1
11763,1,-1,6,1
11770,1,-1,6,1
11776,0,-1,6,1
11782,0,-1,6,1
11788,1,-1,6,1
11794,1,-1,6,1
11799,1,-1,6,1
11805,0,-1,6,1
11812,1,-1,6,1
11818,1,-1,6,1
11823,1,-1,6,1
11829,1,-1,6,1
11835,0,-1,6,1
11842,0,-1,6,1
11848,1,-1,6,1
11854,0,-1,6,1
11859,0,-1,6,1
11865,1,-1,6,1
11871,1,-1,6,1
11878,1,-1,6,1
11883,0,-1,6,1
11889,1,-1,6,1
11895,1,-1,6,1
11901,0,-1,6,1
11908,0,-1,6,1
11914,1,-1,6,1
11919,1,-1,6,1
11925,1,-1,6,1
11932,1,-1,6,1
11938,0,-1,6,1
11944,0,-1,6,1
11950,1,-1,6,1
11955,1,-1,6,1
11962,0,-1,6,1
11968,0,-1,6,1
11974,1,-1,6,1
11980,1,-1,6,1
11986,1,-1,6,1
11992,0,-1,6,1
11998,0,-1,6,1
12004,0,-1,6,1
12009,0,-1,6,1
12015,0,-1,6,1
12021,1,-1,6,1
12028,0,-1,6,1
12034,1,-1,6,1
12039,0,-1,6,1
12046,1,-1,6,1
12052,0,-1,6,1
12058,0,-1,6,1
12064,1,-1,6,1
12070,1,-1,6,1
12076,1,-1,6,1
12081,0,-1,7,1
12087,1,-1,7,1
12093,1,-1,7,1
12100,1,-1,7,1
12106,1,-1,7,1
12112,1,-1,7,1
12118,0,-1,7,1
12124,1,-1,7,1
12129,0,-1,7,1
12134,1,-1,7,1
12141,1,-1,7,1
12148,0,-1,7,1
12154,0,-1,7,1
12160,1,-1,7,1
12165,0,-1,7,1
12171,0,-1,7,1
12177,1,-1,7,1
12183,1,-1,7,1
12189,1,-1,7,1
12195,1,-1,7,1
12201,1,-2,7,1
12207,1,-2,7,1
12213,1,-1,7,1
12219,1,-1,7,1
12225,1,-1,7,1
12231,1,-1,7,1
12237,0,-1,7,1
12243,1,-2,7,1
12249,1,-1,7,1
12255,1,-1,7,1
12261,1,-1,7,1
12267,1,-1,7,1
12273,1,-1,7,1
12279,1,-1,7,1
12285,0,-1,7,1
12291,1,-1,7,1
12297,1,-1,7,1
12303,1,-1,7,1
12309,0,-1,7,1
12315,1,-1,7,1
12321,1,-1,7,1
12327,1,-1,7,1
12333,1,-1,7,1
12339,1,-1,7,1
12345,1,-1,7,1
12351,1,-1,7,1
12357,1,-1,7,1
12363,1,-1,7,1
12369,1,-1,7,1
12375,1,-1,7,1
12381,1,-1,7,1
12387,1,-1,7,1
12393,1,-1,7,1
12399,1,-1,7,1
12405,1,-1,7,1
12411,1,-1,7,1
12417,1,-1,7,1
12422,1,-1,7,1
12429,1,-1,7,1
12434,1,-1,7,1
12441,1,-1,7,1
12447,1,-1,7,1
12453,1,-1,7,1
12458,1,-1,7,1
12464,1,-1,7,1
12470,1,-1,7,1
12477,1,-2,7,1
12483,1,-1,7,1
12489,1,-1,7,1
12495,1,-1,7,1
12501,1,-1,7,1
12506,1,-1,7,1
12513,1,-1,7,1
12518,1,-1,7,1
12525,1,-1,7,1
12531,1,-1,7,1
12536,1,-1,7,1
12542,1,-1,7,1
12549,1,-1,7,1
12555,1,-1,7,1
12561,1,-1,7,1
12567,1,-1,7,1
12573,1,-1,7,1
12579,1,-1,7,1
12585,1,-1,7,1
12591,1,-1,7,1
12597,1,-2,7,1
12603,1,-1,7,1
12609,1,-1,7,1
12615,1,-1,7,1
12621,1,-1,7,1
12627,1,-1,7,1
12632,1,-1,7,1
12638,1,-1,7,1
12645,1,-1,7,1
12651,1,-1,7,1
12657,1,-1,7,1
12663,1,-1,7,1
12669,0,-1,7,1
12675,1,-1,7,1
12681,1,-1,7,1
12687,1,-1,7,1
12693,1,-1,7,1
12699,1,-1,7,1
12705,1,-1,7,1
12711,1,-1,7,1
12717,1,-1,7,1
12723,1,-1,7,1
12729,1,-1,7,1
12735,1,-1,7,1
12740,1,-1,7,1
12746,1,-1,7,1
12753,1,-1,7,1
12759,1,-1,7,1
12764,1,-1,7,1
12770,1,-1,7,1
12777,1,-1,7,1
12782,1,-1,7,1
12788,1,-1,7,1
12795,1,-1,7,1
12800,1,-1,7,1
12806,1,-1,7,1
12813,1,-1,7,1
12819,1,-1,7,1
12825,1,-1,7,1
12831,1,-1,7,1
12837,1,-1,7,1
12843,1,-1,7,1
12849,1,-2,7,1
12855,0,-1,7,1
12861,1,-1,7,1
12867,0,-1,7,1
12873,1,-1,7,1
12879,1,-1,7,1
12884,1,-1,7,1
12891,1,-1,7,1
12897,1,-1,7,1
12903,1,-1,7,1
12909,0,-1,7,1
12914,1,-1,7,1
12920,1,-1,7,1
12926,1,-1,7,1
12932,0,-1,7,1
12938,1,-1,7,1
12945,1,-1,7,1
12951,1,-1,7,1
12956,0,-1,7,1
12962,0,-1,7,1
12968,1,-1,7,1
12974,1,-1,7,1
12980,1,-1,7,1
12986,1,-2,7,1
12993,1,-1,7,1
12998,1,-1,7,1
13005,1,-1,7,1
13010,1,-1,7,1
13017,1,-1,7,1
13023,1,-1,7,1
13029,1,-1,7,1
13035,0,-1,7,1
13040,0,-1,7,1
13046,1,-1,7,1
13052,0,-1,7,1
13058,1,-1,7,1
13065,1,-1,7,1
13071,1,-1,7,1
13076,1,-1,7,1
13082,1,-1,7,1
13088,1,-1,7,1
13095,1,-1,7,1
13101,0,-1,7,1
13106,1,-1,7,1
13112,1,-2,7,1
13119,1,-1,7,1
13124,1,-1,7,1
13130,1,-1,7,1
13136,1,-1,7,1
13142,1,-1,7,1
13149,0,-1,7,1
13155,1,-1,7,1
13160,1,-1,7,1
13166,0,-1,7,1
13172,1,-1,7,1
13178,1,-1,7,1
13184,1,-1,7,1
13190,1,-1,7,1
13196,0,-1,7,1
13202,1,-1,7,1
13208,1,-1,7,1
13214,1,-1,7,1
13220,0,-1,7,1
13226,1,-1,7,1
13232,1,-1,7,1
13238,1,-1,7,1
13244,0,-1,7,1
13250,1,-1,7,1
13256,0,-1,7,1
13262,0,-1,7,1
13268,1,-1,7,1
13274,1,-1,7,1
13280,0,-1,7,1
13286,1,-1,7,1
13292,0,-1,7,1
13298,0,-1,7,1
13304,0,-1,7,1
13310,0,-1,7,1
13316,1,-1,7,1
13322,0,-1,7,1
13328,0,-1,7,1
13334,0,-1,7,1
13340,0,-1,7,1
13346,1,-1,7,1
13352,0,-1,7,1
13358,1,-1,7,1
13364,0,-1,7,1
13370,0,-1,7,1
13376,0,-1,7,1
13381,1,-1,7,1
13388,0,-1,7,1
13394,1,-1,7,1
13400,1,-1,7,1
13406,0,-1,7,1
13412,0,-1,7,1
13418,1,-1,7,1
13424,1,-1,7,1
13430,0,-1,7,1
13436,0,-1,7,1
13442,0,-1,7,1
13448,0,-1,7,1
13454,1,-1,7,1
13460,1,-1,7,1
13466,0,-1,7,1
13472,0,-1,7,1
13478,0,-1,7,1
13484,0,-1,7,1
13490,0,-1,7,1
13496,0,-1,7,1
13502,1,-1,7,1
13508,0,-1,7,1
13514,1,-1,7,1
13520,0,-1,7,1
13526,0,-1,7,1
13532,0,-1,7,1
13538,1,-1,7,1
13544,1,-1,7,1
13550,0,-1,7,1
13556,0,-1,7,1
13562,0,-1,7,1
13568,0,-1,7,1
13574,1,-1,7,1
13580,0,-1,7,1
13586,1,-1,7,1
13592,0,-1,7,1
13598,0,-1,7,1
13604,0,-1,7,1
13610,1,-1,7,1
13616,0,-1,7,1
13622,0,-1,7,1
13627,0,-1,7,1
13633,0,-1,7,1
13640,0,-1,7,1
13645,0,-1,7,1
13652,0,-1,7,1
13657,1,-1,7,1
13663,0,-1,7,1
13669,1,-1,7,1
13675,0,-1,7,1
13682,0,-1,7,1
13688,0,-1,7,1
13694,1,-1,7,1
13700,0,-1,7,1
13705,0,-1,7,1
13711,1,-1,7,1
13718,0,-1,7,1
13724,0,-1,7,1
13730,0,-1,7,1
13736,0,-1,7,1
13742,1,-1,7,1
13747,0,-1,7,1
13754,0,-1,7,1
13760,0,-1,7,1
13766,1,-1,7,1
13772,1,-1,7,1
13778,0,-1,7,1
13783,0,-1,7,1
13790,0,-1,7,1
13796,0,-1,7,1
13801,0,-1,7,1
13808,1,-1,7,1
13813,1,-1,7,1
13819,1,-1,7,1
13826,1,-1,7,1
13832,1,-1,7,1
13838,1,-1,7,1
13843,1,-1,7,1
13849,0,-1,7,1
13856,1,-1,7,1
13862,1,-1,7,1
13868,0,-1,7,1
13874,0,-1,7,1
13880,0,-1,7,1
13886,0,-1,7,1
13891,0,-1,7,1
13898,0,-1,7,1
13904,1,-1,7,1
13910,1,-1,7,1
13916,1,-1,7,1
13922,1,-1,7,1
13928,0,-1,7,1
13934,1,-1,7,1
13940,0,-1,7,1
13946,1,-1,7,1
13952,0,-1,7,1
13958,0,-1,7,1
13963,1,-1,7,1
13969,0,-1,7,1
13976,0,-1,7,1
13981,1,-1,7,1
13988,0,-1,7,1
13993,0,-1,7,1
13999,1,-1,7,1
14005,0,-1,7,1
14012,0,-1,7,1
14018,0,-1,7,1
14024,0,-1,7,1
14030,1,-1,7,1
14036,1,-1,7,1
14042,0,-1,7,1
14048,0,-1,7,1
14054,1,-1,7,1
14060,1,-1,7,1
14065,0,-1,7,1
14071,0,-1,7,1
14077,0,-1,7,1
14084,0,-1,7,1
14090,0,-1,7,1
14096,0,-1,7,1
14102,1,-1,7,1
14108,0,-1,7,1
14114,1,-1,7,1
14120,0,-1,7,1
14126,0,-1,7,1
14132,0,-1,7,1
14137,0,-1,7,1
14143,1,-1,7,1
14150,0,-1,7,1
14155,0,-1,7,1
14161,0,-1,7,1
14167,0,-1,7,1
14173,1,-1,7,1
14179,1,-1,7,1
14185,0,-1,7,1
14191,0,-1,7,1
14197,1,-1,7,1
14203,0,-1,7,1
14209,0,-1,7,1
14215,0,-1,7,1
14221,1,-1,7,1
14227,0,-1,7,1
14233,0,-1,7,1
14239,0,-1,7,1
14245,0,-1,7,1
14251,0,-1,7,1
14257,1,-1,7,1
14263,1,-1,7,1
14269,0,-1,7,1
14275,0,-1,7,1
14281,1,-1,7,1
14287,0,-1,7,1
14293,1,-1,7,1
14299,0,-1,7,1
14305,0,-1,7,1
14311,0,-1,7,1
14317,1,-1,7,1
14323,0,-1,7,1
14329,0,-1,7,1
14335,0,-1,7,1
14341,1,-1,7,1
14347,0,-1,7,1
14353,0,-1,7,1
14359,0,-1,7,1
14365,0,-1,7,1
14371,0,-1,7,1
14377,0,-1,7,1
14383,1,-1,7,1
14389,1,-1,7,1
14395,1,-1,7,1
14401,1,-1,7,1
14407,0,-1,7,1
14413,1,-1,7,1
14418,1,-1,7,1
14425,1,-1,7,1
14431,1,-1,7,1
14437,0,-1,7,1
14443,1,-1,7,1
14449,0,-1,7,1
14455,1,-1,7,1
14461,0,-1,7,1
14467,0,-1,7,1
14472,0,-1,7,1
14479,0,-1,7,1
14485,0,-1,7,1
14491,0,-1,7,1
14497,1,-1,7,1
14503,0,-1,7,1
14509,1,-1,7,1
14514,1,-1,7,1
14520,0,-1,7,1
14526,0,-1,7,1
14533,0,-1,7,1
14539,0,-1,7,1
14545,0,-1,7,1
14550,1,-1,7,1
14556,1,-1,7,1
14563,0,-1,7,1
14569,1,-1,7,1
14575,0,-1,7,1
14581,1,-1,7,1
14586,0,-1,7,1
14592,1,-1,7,1
14598,1,-1,7,1
14605,0,-1,7,1
14611,1,-1,7,1
14617,1,-1,7,1
14623,0,-1,7,1
14629,0,-1,7,1
14635,0,-1,7,1
14641,0,-1,7,1
14646,0,-1,7,1
14653,1,-1,7,1
14659,1,-1,7,1
14664,0,-1,7,1
14670,1,-1,7,1
14676,1,-1,7,1
14683,1,-1,7,1
14689,1,-1,7,1
14695,0,-1,7,1
14701,0,-1,7,1
14707,1,-1,7,1
14713,0,-1,7,1
14719,1,-1,7,1
14725,0,-1,7,1
14731,0,-1,7,1
14737,0,-1,7,1
14743,0,-1,7,1
14748,1,-1,7,1
14754,0,-1,7,1
14761,1,-1,7,1
14767,1,-1,7,1
14773,0,-1,7,1
14779,0,-1,7,1
14785,0,-1,7,1
14791,0,-1,7,1
14797,0,-1,7,1
14803,0,-1,7,1
14809,0,-1,7,1
14815,1,-1,7,1
14821,1,-1,7,1
14827,0,-1,7,1
14833,1,-1,7,1
14839,1,-1,7,1
14845,0,-1,7,1
14851,0,-1,7,1
14857,1,-1,7,1
14862,0,-1,7,1
14869,1,-1,7,1
14875,1,-1,7,1
14881,0,-1,7,1
14887,0,-1,7,1
14893,1,-1,7,1
14898,1,-1,7,1
14904,1,-1,7,1
14911,1,-1,7,1
14917,0,-1,7,1
14922,0,-1,7,1
14928,0,-1,7,1
14935,1,-1,7,1
14941,0,-1,7,1
14946,1,-1,7,1
14953,0,-1,7,1
14959,0,-1,7,1
14965,0,-1,7,1
14971,0,-1,7,1
14977,0,-1,7,1
14982,0,-1,7,1
14988,1,-1,7,1
14994,1,-1,7,1
15001,1,-1,7,1
15006,1,-1,7,1
15012,0,-1,7,1
15019,1,-1,7,1
15025,1,-1,7,1
15030,1,-1,7,1
15036,0,-1,7,1
15042,0,-1,7,1
15048,1,-1,7,1
15055,0,-1,7,1
15061,0,-1,7,1
15067,1,-1,7,1
15072,0,-1,7,1
15078,0,-1,7,1
15084,1,-1,7,1
15091,0,-1,7,1
15097,1,-1,7,1
15103,0,-1,7,1
15108,0,-1,7,1
15114,0,-1,7,1
15120,1,-1,7,1
15127,1,-1,7,1
15133,1,-1,7,1
15139,1,-1,7,1
15145,1,-1,7,1
15151,0,-1,7,1
15156,0,-1,7,1
15162,1,-1,7,1
15168,0,-1,7,1
15174,1,-1,7,1
15180,0,-1,7,1
15186,0,-1,7,1
15192,1,-1,7,1
15198,0,-1,7,1
15204,1,-1,7,1
15210,0,-1,7,1
15216,0,-1,7,1
15222,0,-1,7,1
15228,0,-1,7,1
15234,1,-1,7,1
15240,0,-1,7,1
15246,0,-1,7,1
15252,0,-1,7,1
15258,0,-1,7,1
15264,0,-1,7,1
15270,1,-1,7,1
15276,0,-1,7,1
15282,1,-1,7,1
15288,0,-1,7,1
15294,1,-1,7,1
15300,1,-1,7,1
15306,1,-1,7,1
15312,0,-1,7,1
15318,1,-1,7,1
15324,1,-1,7,1
15330,0,-1,7,1
15336,1,-1,7,1
15342,1,-1,7,1
15347,1,-1,7,1
15354,1,-1,7,1
15360,1,-1,7,1
15366,1,-1,7,1
15372,0,-1,7,1
15378,1,-1,7,1
15384,1,-1,7,1
15390,1,-1,7,1
15396,0,-1,7,1
15402,1,-1,7,1
15408,1,-1,7,1
15414,0,-1,7,1
15420,1,-1,7,1
15426,1,-1,7,1
15432,0,-1,7,1
15438,1,-1,7,1
15444,1,-1,7,1
15450,1,-1,7,1
15456,0,-1,7,1
15462,0,-1,7,1
15468,1,-1,7,1
15474,1,-1,7,1
15479,0,-1,7,1
15485,1,-1,7,1
15491,1,-1,7,1
15497,1,-1,7,1
15503,0,-1,7,1
15509,1,-1,7,1
15516,1,-1,7,1
15522,1,-1,7,1
15528,0,-1,7,1
15534,0,-1,7,1
15540,1,-1,7,1
15545,1,-1,7,1
15551,1,-1,7,1
15558,0,-1,7,1
15564,1,-1,7,1
15570,0,-1,7,1
15576,0,-1,7,1
15582,0,-1,7,1
15587,1,-1,7,1
15594,1,-1,7,1
15600,1,-1,7,1
15606,1,-1,7,1
15612,1,-1,7,1
15618,1,-1,7,1
15624,1,-1,7,1
15630,1,-1,7,1
15636,0,-1,7,1
15642,0,-1,7,1
15647,1,-1,7,1
15653,0,-1,7,1
15660,0,-1,7,1
15666,0,-1,7,1
15672,1,-1,7,1
15678,1,-1,7,1
15684,1,-1,7,1
15690,0,-1,7,1
15696,0,-1,7,1
15701,0,-1,7,1
15708,1,-1,7,1
15713,0,-1,7,1
15719,0,-1,7,1
15725,1,-1,7,1
15732,1,-1,7,1
15738,1,-1,7,1
15744,1,-1,7,1
15750,0,-1,7,1
15756,0,-1,7,1
15762,1,-1,7,1
15768,0,-1,7,1
15774,1,-1,7,1
15780,1,-1,7,1
15786,1,-1,7,1
15792,1,-1,7,1
15797,0,-1,7,1
15803,0,-1,7,1
15810,1,-1,7,1
15816,0,-1,7,1
15822,0,-1,7,1
15828,1,-1,7,1
15833,0,-1,7,1
15839,1,-1,7,1
15845,1,-1,7,1
15852,0,-1,7,1
15857,0,-1,7,1
15864,0,-1,7,1
15870,1,-1,7,1
15875,1,-1,7,1
15882,0,-1,7,1
15888,0,-1,7,1
15893,1,-1,7,1
15899,0,-1,7,1
15905,0,-1,7,1
15911,1,-1,7,1
15918,1,-1,7,1
15924,0,-1,7,1
15930,1,-1,7,1
15936,0,-1,7,1
15942,1,-1,7,1
15948,1,-1,7,1
15954,0,-1,7,1
15959,0,-1,7,1
15966,1,-1,7,1
15972,0,-1,7,1
15978,0,-1,7,1
15984,0,-1,7,1
15990,0,-1,7,1
15996,0,-1,7,1
16001,0,-1,7,1
16007,0,-1,7,1
16014,0,-1,7,1
16020,0,-1,7,1
16026,0,-1,7,1
16032,1,-1,7,1
16037,0,-1,7,1
16043,0,-1,7,1
16049,1,-1,7,1
16055,0,-1,7,1
16062,1,-1,7,1
16068,1,-1,7,1
16074,0,-1,7,1
16080,1,-1,7,1
16085,1,-1,7,1
16091,0,-1,7,1
16098,1,-1,7,1
16103,0,-1,7,1
16110,0,-1,7,1
16116,0,-1,7,1
16121,1,-1,7,1
16127,0,-1,7,1
16133,0,-1,7,1
16139,1,-1,7,1
16145,1,-1,7,1
16152,0,-1,7,1
16157,1,-1,7,1
16163,0,-1,7,1
16169,1,-1,7,1
16175,0,-1,7,1
16181,0,-1,7,1
16187,1,-1,7,1
16193,1,-1,7,1
16199,0,-1,7,1
16205,1,-1,7,1
16211,1,-1,7,1
16217,0,-1,7,1
16223,1,-1,7,1
16229,1,-1,7,1
16235,0,-1,7,1
16241,1,-1,7,1
16247,0,-1,7,1
16253,1,-1,7,1
16259,0,-1,7,1
16265,0,-1,7,1
16271,0,-1,7,1
16277,0,-1,7,1
16283,1,-1,7,1
16289,0,-1,7,1
16295,1,-1,7,1
16301,1,-1,7,1
16307,0,-1,7,1
16313,0,-1,7,1
16319,1,-1,7,1
16325,0,-1,7,1
16330,0,-1,7,1
16337,1,-1,7,1
16343,1,-1,7,1
16349,1,-1,7,1
16355,0,-1,7,1
16361,0,-1,7,1
16367,1,-1,7,1
16373,0,-1,7,1
16379,0,-1,7,1
16385,1,-1,7,1
16391,0,-1,7,1
16397,0,-1,7,1
16403,1,-1,7,1
16409,0,-1,7,1
16415,0,-1,7,1
16421,1,-1,7,1
16427,1,-1,7,1
16433,1,-1,7,1
16439,1,-1,7,1
16445,1,-1,7,1
16451,1,-1,7,1
16456,1,-1,7,1
16463,1,-1,7,1
16469,1,-1,7,1
16475,0,-1,7,1
16481,1,-1,7,1
16487,1,-1,7,1
16493,0,-1,7,1
16499,0,-1,7,1
16505,1,-1,7,1
16511,0,-1,7,1
16517,0,-1,7,1
16523,1,-1,7,1
16528,0,-1,7,1
16534,0,-1,7,1
16541,0,-1,7,1
16547,0,-1,7,1
16553,0,-1,7,1
16558,0,-1,7,1
16565,1,-1,7,1
16571,0,-1,7,1
16577,1,-1,7,1
16583,1,-2,7,1
16589,0,-1,7,1
16595,0,-1,7,1
16601,0,-1,7,1
16606,1,-1,7,1
16613,0,-1,7,1
16619,0,-1,7,1
16625,0,-1,7,1
16631,0,-1,7,1
16637,0,-1,7,1
16643,1,-1,7,1
16649,0,-1,7,1
16655,1,-1,7,1
16661,0,-1,7,1
16667,1,-1,7,1
16672,1,-1,7,1
16679,1,-1,7,1
16685,1,-1,7,1
16691,1,-1,7,1
16697,1,-1,7,1
16703,1,-1,7,1
16709,1,-1,7,1
16715,0,-1,7,1
16721,1,-1,7,1
16727,1,-1,7,1
16732,0,-1,7,1
16739,0,-1,7,1
16745,0,-1,7,1
16750,0,-1,7,1
16756,1,-1,7,1
16763,1,-1,7,1
16768,0,-1,7,1
16774,0,-1,7,1
16780,1,-1,7,1
16787,0,-1,7,1
16793,0,-1,7,1
16798,0,-1,7,1
16804,0,-1,7,1
16811,0,-1,7,1
16817,0,-1,7,1
16823,0,-1,7,1
16829,1,-1,7,1
16835,0,-1,7,1
16841,0,-1,7,1
16846,0,-1,7,1
16853,0,-1,7,1
16859,0,-1,7,1
16864,1,-1,7,1
16870,1,-1,7,1
16876,1,-1,7,1
16882,0,-1,7,1
16888,1,-1,7,1
16895,1,-1,7,1
16901,1,-1,7,1
16907,1,-1,7,1
16913,1,-1,7,1
16919,1,-1,7,1
16925,1,-1,7,1
16930,1,-1,7,1
16936,1,-1,7,1
16943,1,-1,7,1
16949,0,-1,7,1
16955,1,-1,7,1
16961,1,-1,7,1
16967,0,-1,7,1
16972,0,-1,7,1
16978,0,-1,7,1
16985,0,-1,7,1
16990,1,-1,7,1
16997,1,-1,7,1
17003,0,-1,7,1
17009,1,-1,7,1
17014,1,-1,7,1
17020,1,-1,7,1
17026,1,-1,7,1
17033,1,-1,7,1
17039,1,-1,7,1
17045,0,-1,7,1
17050,0,-1,7,1
17056,1,-1,7,1
17063,1,-1,7,1
17069,0,-1,7,1
17075,1,-1,7,1
17081,0,-1,7,1
17087,0,-1,7,1
17092,1,-1,7,1
17098,1,-1,7,1
17104,1,-1,7,1
17111,1,-1,7,1
17117,0,-1,7,1
17123,0,-1,7,1
17129,0,-1,7,1
17135,1,-1,7,1
17141,0,-1,7,1
17146,0,-1,7,1
17152,0,-1,7,1
17158,0,-1,7,1
17164,0,-1,7,1
17171,0,-1,7,1
17176,1,-1,7,1
17182,1,-1,7,1
17188,0,-1,7,1
17194,0,-1,7,1
17200,1,-1,7,1
17206,1,-1,7,1
17212,0,-1,7,1
17218,0,-1,7,1
17224,1,-1,7,1
17230,0,-1,7,1
17236,0,-1,7,1
17242,1,-1,7,1
17248,1,-1,7,1
17254,1,-1,7,1
17260,0,-1,7,1
17266,0,-1,7,1
17272,1,-1,7,1
17278,1,-1,7,1
17284,1,-1,7,1
17290,0,-1,7,1
17296,1,-1,7,1
17302,1,-1,7,1
17308,0,-1,7,1
17314,0,-1,7,1
17320,0,-1,7,1
17326,1,-1,7,1
17332,0,-1,7,1
17338,0,-1,7,1
17344,0,-1,7,1
17350,0,-1,7,1
17356,0,-1,7,1
17362,1,-1,7,1
17368,1,-1,7,1
17374,0,-1,7,1
17380,0,-1,7,1
17386,1,-1,7,1
17392,0,-1,7,1
17398,1,-1,7,1
17404,1,-1,7,1
17410,1,-1,7,1
17416,0,-1,7,1
17422,1,-1,7,1
17428,1,-1,7,1
17434,0,-1,7,1
17440,1,-1,7,1
17446,1,-1,7,1
17452,1,-1,7,1
17458,1,-1,7,1
17464,1,-1,7,1
17470,1,-1,7,1
17476,1,-1,7,1
17482,0,-1,7,1
17488,0,-1,7,1
17494,1,-1,7,1
17500,1,-1,7,1
17506,0,-1,7,1
17512,0,-1,7,1
17517,0,-1,7,1
17523,0,-1,7,1
17530,0,-1,7,1
17536,0,-1,7,1
17542,1,-1,7,1
17548,0,-2,7,1
17554,0,-1,7,1
17560,0,-1,7,1
17566,0,-1,7,1
17572,0,-1,7,1
17578,0,-1,7,1
17584,1,-1,7,1
17589,1,-1,7,1
17595,1,-1,7,1
17602,0,-1,7,1
17608,0,-1,7,1
17614,1,-1,7,1
17620,0,-1,7,1
17626,0,-1,7,1
17632,0,-1,7,1
17638,0,-1,7,1
17644,0,-1,7,1
17650,0,-1,7,1
17656,0,-1,7,1
17662,0,-1,7,1
17668,1,-1,7,1
17674,1,-1,7,1
17680,0,-1,7,1
17685,0,-1,7,1
17691,0,-1,7,1
17697,1,-1,7,1
17704,1,-1,7,1
17710,0,-1,7,1
17716,1,-1,7,1
17722,1,-1,7,1
17728,1,-1,7,1
17734,1,-1,7,1
17740,0,-1,7,1
17746,0,-1,7,1
17751,0,-1,7,1
17758,0,-1,7,1
17763,0,-1,7,1
17770,0,-1,7,1
17776,1,-1,7,1
17782,1,-1,7,1
17787,1,-1,7,1
17794,1,-1,7,1
17800,0,-1,7,1
17806,1,-1,7,1
17811,1,-1,7,1
17818,0,-1,7,1
17824,1,-1,7,1
17830,0,-1,7,1
17836,0,-1,7,1
17842,0,-1,7,1
17848,0,-1,7,1
17854,1,-1,7,1
17860,0,-1,7,1
17866,1,-1,7,1
17872,1,-1,7,1
17878,1,-1,7,1
17884,0,-1,7,1
17889,0,-1,7,1
17896,0,-1,7,1
17902,0,-1,7,1
17908,1,-1,7,1
17914,0,-1,7,1
17920,0,-1,7,1
17926,1,-1,7,1
17932,1,-1,7,1
17937,1,-1,7,1
17943,1,-1,7,1
17950,1,-1,7,1
17955,0,-1,7,1
17961,1,-1,7,1
17968,0,-1,7,1
17974,0,-1,7,1
17980,0,-1,7,1
17985,1,-1,7,1
17992,1,-1,7,1
17998,0,-1,7,1
18003,1,-1,7,1
18009,0,-1,7,1
18015,0,-1,7,1
18022,0,-1,7,1
18028,1,-1,7,1
18034,1,-1,7,1
18040,1,-1,7,1
18046,1,-1,7,1
18052,0,-1,7,1
18057,0,-1,7,1
18063,0,-1,7,1
18069,0,-1,7,1
18075,0,-1,7,1
18081,0,-1,7,1
18087,0,-1,7,1
18094,0,-1,7,1
18099,0,-1,7,1
18105,0,-1,7,1
18112,0,-1,7,1
18118,0,-1,7,1
18124,0,-1,7,1
18129,1,-1,7,1
18135,1,-1,7,1
18141,0,-1,7,1
18147,1,-1,7,1
18153,1,-1,7,1
18159,0,-1,7,1
18165,1,-1,7,1
18171,0,-1,7,1
18177,1,-1,7,1
18183,1,-1,7,1
18189,0,-1,7,1
18195,1,-1,7,1
18201,0,-1,7,1
18207,0,-1,7,1
18213,0,-1,7,1
18219,0,-1,7,1
18225,1,-1,7,1
18231,1,-1,7,1
18237,0,-1,7,1
18243,0,-1,7,1
18249,1,-1,7,1
18255,1,-1,7,1
18261,0,-1,7,1
18267,1,-1,7,1
18273,0,-1,7,1
18279,0,-1,7,1
18285,0,-1,7,1
18291,0,-1,7,1
18297,0,-1,7,1
18303,0,-1,7,1
18309,0,-2,7,1
18315,1,-1,7,1
18321,0,-1,7,1
18327,1,-1,7,1
18333,0,-1,7,1
18339,0,-1,7,1
18345,1,-1,7,1
18351,0,-1,7,1
18357,1,-1,7,1
18363,1,-1,7,1
18369,1,-1,7,1
18375,1,-1,7,1
18381,1,-1,7,1
18387,0,-1,7,1
18393,0,-1,7,1
18398,1,-1,7,1
18405,0,-1,7,1
18411,1,-1,7,1
18417,1,-1,7,1
18423,1,-1,7,1
18429,1,-1,7,1
18435,0,-1,7,1
18441,1,-1,7,1
18446,0,-1,7,1
18453,0,-1,7,1
18458,0,-1,7,1
18464,0,-1,7,1
18471,0,-1,7,1
18477,0,-1,7,1
18483,0,-1,7,1
18489,0,-1,7,1
18495,0,-1,7,1
18501,0,-1,7,1
18507,1,-1,7,1
18513,0,-1,7,1
18519,1,-1,7,1
18524,1,-1,7,1
18530,0,-1,7,1
18537,1,-1,7,1
18543,0,-1,7,1
18549,1,-1,7,1
18554,1,-1,7,1
18561,0,-1,7,1
18567,1,-1,7,1
18573,0,-1,7,1
18579,0,-1,7,1
18585,1,-1,7,1
18591,1,-1,7,1
18597,0,-1,7,1
18603,0,-1,7,1
18609,1,-1,7,1
18615,1,-1,7,1
18621,0,-1,7,1
18627,0,-1,7,1
18632,1,-1,7,1
18638,1,-1,7,1
18645,0,-1,7,1
18651,0,-1,7,1
18657,1,-1,7,1
18663,1,-1,7,1
18669,0,-1,7,1
18675,0,-1,6,1
18680,1,-1,6,1
18687,0,-1,6,1
18693,1,-1,6,1
18699,0,-1,6,1
18705,0,-1,6,1
18711,0,-1,6,1
18717,1,-1,6,1
18723,0,-1,6,1
18729,0,-1,6,1
18735,1,-1,6,1
18741,0,-1,6,1
18746,0,-1,6,1
18752,0,-1,6,1
18758,1,-1,6,1
18765,1,-1,6,1
18770,0,-1,6,1
18776,0,-1,6,1
18783,1,-1,6,1
18788,1,-1,6,1
18794,1,-1,6,1
18800,0,-1,5,1
18806,0,-1,5,1
18813,0,-1,5,1
18819,0,-1,5,1
18825,1,-1,5,1
18831,0,-1,5,1
18837,0,-1,5,1
18843,0,-1,5,1
18848,0,-1,5,1
18854,0,-1,5,1
18861,0,-1,5,1
18866,0,-1,5,1
18872,1,-1,5,1
18879,0,-1,5,1
18884,0,-1,5,1
18890,1,-1,5,1
18896,0,-1,5,1
18903,0,-1,5,1
18908,1,-1,5,1
18914,1,-1,5,1
18920,1,-1,5,1
18926,0,-1,5,1
18933,0,-1,5,1
18939,0,-1,5,1
18945,0,-1,5,1
18951,0,-1,5,1
18957,0,-1,5,1
18963,1,-1,5,1
18968,0,-1,5,1
18974,0,-1,5,1
18980,0,-1,5,1
18987,0,-1,5,1
18992,0,-1,5,1
18998,1,-1,5,1
19004,1,-1,5,1
19010,0,-1,5,1
19017,0,-1,5,1
19023,0,-1,5,1
19028,0,-1,5,1
19034,0,-1,5,1
19041,1,-1,5,1
19047,1,-1,5,1
19053,0,-1,5,1
19058,0,-1,5,1
19065,0,-1,5,1
19070,0,-1,5,1
19077,1,-1,5,1
19083,1,-1,5,1
19089,0,-1,5,1
19095,0,-1,5,1
19101,0,-1,5,1
19107,0,-1,5,1
19112,0,-1,5,1
19118,0,-1,5,1
19124,0,-1,5,1
19130,1,-1,5,1
19136,1,-1,5,1
19142,1,-1,5,1
19149,1,-1,5,1
19154,0,-1,5,1
19160,0,-1,5,1
19166,0,-1,5,1
19172,1,-1,5,1
19178,0,-1,5,1
19184,0,-1,5,1
19190,1,-1,5,1
19196,1,-1,5,1
19202,0,-1,5,1
19208,1,-1,5,1
19214,0,-1,5,1
19220,1,-1,5,1
19227,0,-1,5,1
19232,0,-1,5,1
19238,1,-1,5,1
19244,0,-1,5,1
19250,0,-1,5,1
19256,0,-1,5,1
19262,1,-1,5,1
19268,0,-1,5,1
19274,1,-1,5,1
19280,1,-1,5,1
19286,0,-1,5,1
19292,0,-1,5,1
19297,0,-1,5,1
19304,1,-1,5,1
19310,0,-1,5,1
19316,0,-1,5,1
19322,1,-1,5,1
19328,0,-1,5,1
19334,0,-1,5,1
19340,0,-1,5,1
19346,0,-1,5,1
19352,0,-1,5,1
19358,0,-1,5,1
19364,1,-1,5,1
19369,1,-1,5,1
19376,0,-1,5,1
19382,1,-1,5,1
19388,1,-1,5,1
19394,0,-1,5,1
19400,0,-1,5,1
19406,0,-1,5,1
19412,0,-1,5,1
19418,0,-1,5,1
19424,0,-1,5,1
19430,0,-1,5,1
19436,0,-1,5,1
19442,1,-1,5,1
19448,1,-1,5,1
19454,0,-1,5,1
19460,1,-1,5,1
19466,1,-1,5,1
19472,1,-1,5,1
19478,0,-1,5,1
19484,0,-1,5,1
19490,0,-1,5,1
19496,1,-1,5,1
19502,1,-1,5,1
19508,0,-1,5,1
19514,1,-1,5,1
19520,0,-1,5,1
19526,0,-1,5,1
19532,0,-1,5,1
19538,0,-1,5,1
19544,0,-1,5,1
19550,1,-1,5,1
19556,0,-1,5,1
19562,0,-1,5,1
19568,0,-1,5,1
19574,0,-1,5,1
19580,0,-1,5,1
19586,0,-1,5,1
19592,0,-1,5,1
19598,1,-1,5,1
19604,0,-1,5,1
19610,0,-1,5,1
19616,0,-1,5,1
19622,1,-1,5,1
19628,1,-1,5,1
19634,1,-1,5,1
19640,0,-1,5,1
19645,0,-1,5,1
19651,0,-1,5,1
19658,0,-1,5,1
19663,0,-1,5,1
19669,1,-1,5,1
19676,1,-1,5,1
19682,0,-1,5,1
19688,1,-1,5,1
19694,1,-1,5,1
19700,1,-1,5,1
19706,0,-1,5,1
19712,1,-1,5,1
19717,1,-1,5,1
19724,1,-1,5,1
19730,1,-1,5,1
19736,1,-1,5,1
19741,0,-1,5,1
19748,0,-1,5,1
19753,1,-1,5,1
19759,1,-1,5,1
19766,1,-1,5,1
19772,0,-1,5,1
19778,1,-1,5,1
19783,1,-1,5,1
19789,0,-1,5,1
19795,1,-1,5,1
19801,0,-1,5,1
19808,0,-1,5,1
19814,0,-1,5,1
19820,0,-1,5,1
19826,0,-1,5,1
19831,0,-1,5,1
19837,1,-1,5,1
19844,0,-1,5,1
19850,1,-1,5,1
19856,0,-1,5,1
19862,0,-1,5,1
19867,0,-1,5,1
19874,0,-1,5,1
19880,0,-1,5,1
19885,1,-1,5,1
19891,0,-1,5,1
19898,0,-1,5,1
19903,0,-1,5,1
19909,1,-2,5,1
19915,1,-1,5,1
19921,1,-1,5,1
19928,1,-1,5,1
19934,1,-1,5,1
19940,1,-1,5,1
19946,1,-1,5,1
19952,0,-1,5,1
19958,1,-1,5,1
19964,1,-1,5,1
19969,0,-1,5,1
19976,0,-1,5,1
19981,0,-1,5,1
19988,0,-1,5,1
19994,1,-1,5,1
20000,1,-1,5,1
20006,0,-1,5,1
20012,0,-1,5,1
20018,0,-1,5,1
20024,1,-1,5,1
20030,0,-1,5,1
20036,0,-1,5,1
20041,0,-1,5,1
20048,0,-1,5,1
20054,1,-1,5,1
20059,1,-1,5,1
20066,0,-1,5,1
20071,0,-1,5,1
20078,0,-1,5,1
20084,1,-1,5,1
20090,1,-1,5,1
20095,0,-1,5,1
20102,1,-1,5,1
20108,0,-1,5,1
20114,0,-1,5,1
20120,0,-1,5,1
20126,0,-1,5,1
20132,0,-1,5,1
20137,0,-1,5,1
20143,0,-1,5,1
20149,0,-1,5,1
20155,0,-1,5,1
20162,1,-1,5,1
20168,0,-1,5,1
20173,0,-1,5,1
20179,1,-1,5,1
20185,0,-1,5,1
20191,1,-1,5,1
20197,1,-1,5,1
20204,0,-1,5,1
20210,0,-1,5,1
20215,0,-1,5,1
20221,1,-1,5,1
20227,0,-1,5,1
20233,0,-1,5,1
20239,1,-1,5,1
20245,1,-1,5,1
20251,1,-1,5,1
20257,0,-1,5,1
20263,0,-1,5,1
20269,1,-1,5,1
20275,0,-1,5,1
20281,1,-1,5,1
20287,0,-1,5,1
20293,1,-1,5,1
20299,0,-1,5,1
20305,0,-1,5,1
20311,1,-1,5,1
20317,0,-1,5,1
20323,0,-1,5,1
20329,0,-1,5,1
20335,0,-1,5,1
20341,0,-1,5,1
20347,1,-1,5,1
20353,1,-1,5,1
20359,1,-1,5,1
20365,0,-1,5,1
20371,0,-1,5,1
20377,0,-1,5,1
20383,0,-1,5,1
20388,0,-1,5,1
20394,1,-1,5,1
20400,0,-1,5,1
20407,1,-1,5,1
20413,1,-1,5,1
20419,0,-1,5,1
20425,0,-1,5,1
20431,1,-1,5,1
20437,0,-2,5,1
20443,0,-1,5,1
20448,0,-1,5,1
20455,1,-1,5,1
20461,1,-2,5,1
20467,1,-1,5,1
20473,1,-2,5,1
20479,0,-2,5,1
20485,0,-2,5,1
20491,0,-1,5,1
20497,1,-1,5,1
20503,0,-2,5,1
20509,0,-2,5,1
20515,0,-1,5,1
20521,0,-1,5,1
20527,1,-1,5,1
20533,0,-2,5,1
20539,0,-1,5,1
20545,0,-1,5,1
20551,0,-1,5,1
20557,1,-2,5,1
20563,0,-1,5,1
20569,1,-2,5,1
20575,1,-1,5,1
20581,1,-2,5,1
20587,1,-2,5,1
20593,0,-2,5,1
20599,0,-1,5,1
20605,1,-1,5,1
20611,1,-1,5,1
20617,1,-1,5,1
20623,0,-1,5,1
20629,1,-1,5,1
20634,1,-1,5,1
20640,0,-1,5,1
20646,1,-1,5,1
20653,1,-1,5,1
20658,0,-1,5,1
20665,0,-1,5,1
20671,0,-1,5,1
20677,0,-1,5,1
20683,1,0,5,1
20688,0,0,5,1
20695,0,0,5,1
20701,0,0,5,1
20707,1,0,5,1
20712,0,-1,5,1
20718,0,-1,5,1
20724,0,-1,5,1
20730,0,-1,5,1
20737,1,-1,5,1
20743,1,-1,5,1
20749,1,0,5,1
20755,1,0,5,1
20761,1,1,5,1
20767,0,1,5,1
20772,0,1,5,1
20778,1,1,5,1
20785,1,1,5,1
20791,1,1,5,1
20796,1,1,5,1
20802,0,1,5,1
20809,0,1,5,1
20815,0,1,5,1
20821,0,1,5,1
20827,1,1,5,1
20833,0,1,5,1
20839,0,1,5,1
20845,1,1,5,1
20851,0,1,5,1
20857,0,-1,5,1
20862,0,-1,5,1
20868,1,-1,5,1
20874,0,-1,5,1
20881,1,0,5,1
20887,0,1,5,1
20892,1,1,5,1
20898,0,0,5,1
20904,0,-1,5,1
20911,1,-1,5,1
20916,0,-1,5,1
20922,1,-1,5,1
20928,1,-1,5,1
20935,0,-1,5,1
20941,0,-1,5,1
20947,0,-1,5,1
20953,0,-1,5,1
20959,0,-1,5,1
20965,0,-1,5,1
20970,0,-1,5,1
20977,1,-1,5,1
20982,1,-1,5,1
20989,0,-1,5,1
20995,0,-1,5,1
21001,0,-1,5,1
21007,1,-1,5,1
21013,1,-1,5,1
21019,0,-1,5,1
21025,1,0,5,1
21031,0,0,5,1
21037,0,1,5,1
21042,0,1,5,1
21048,1,1,5,1
21055,1,0,5,1
21061,1,-1,5,1
21067,0,-1,5,1
21072,1,-1,5,1
21078,0,-1,5,1
21085,0,-1,5,1
21091,0,-1,5,1
21096,0,-1,5,1
21102,1,-2,5,1
21108,0,-1,5,1
21115,1,-1,5,1
21121,0,-2,5,1
21127,1,-1,5,1
21132,1,-1,5,1
21138,0,-1,5,1
21144,0,-1,5,1
21150,0,-1,5,1
21156,0,-1,5,1
21162,1,-1,5,1
21168,0,-1,5,1
21174,0,-1,5,1
21180,1,-1,5,1
21186,1,-1,5,1
21192,0,-1,5,1
21198,0,-1,5,1
21204,0,-1,5,1
21210,0,-1,5,1
21216,0,-1,5,1
21222,1,-1,5,1
21228,0,-1,5,1
21234,0,-1,5,1
21240,1,-1,5,1
21246,0,-1,5,1
21252,1,-1,5,1
21258,0,-1,5,1
21264,0,-1,5,1
21270,0,-1,5,1
21276,1,-1,5,1
21282,0,-1,5,1
21288,1,-1,5,1
21294,0,-1,5,1
21300,1,-1,5,1
21306,0,-1,5,1
21312,0,-1,5,1
21318,0,-1,5,1
21324,0,-1,5,1
21330,1,-1,5,1
21336,0,-1,5,1
21342,0,-1,5,1
21348,1,-1,5,1
21354,0,-1,5,1
21360,0,-1,5,1
21366,1,-1,5,1
21372,1,-1,5,1
21378,0,-1,5,1
21384,0,-1,5,1
21389,0,-1,5,1
21395,1,-1,5,1
21401,0,-1,5,1
21408,0,-1,5,1
21414,1,-1,5,1
21420,1,-1,5,1
21426,0,-1,5,1
21432,1,-1,5,1
21438,0,-1,5,1
21444,0,-1,5,1
21450,1,-1,5,1
21456,0,-1,5,1
21462,1,-1,5,1
21468,1,-1,5,1
21474,0,-1,5,1
21480,0,-1,5,1
21486,0,-1,5,1
21492,0,-1,5,1
21497,0,-1,5,1
21504,0,-1,5,1
21510,1,-1,5,1
21516,1,-1,5,1
21522,0,-1,5,1
21528,1,-1,5,1
21533,1,-1,5,1
21539,0,-1,5,1
21545,0,-1,5,1
21552,0,-1,5,1
21558,0,-1,5,1
21564,1,-1,5,1
21570,1,-1,5,1
21576,1,-1,5,1
21582,1,-1,5,1
21588,1,-1,5,1
21594,1,-1,5,1
21600,0,-1,5,1
21606,1,-1,5,1
21612,0,-1,5,1
21618,0,-1,5,1
21624,0,-1,5,1
21630,1,-1,5,1
21636,1,-1,5,1
21641,0,-1,5,1
21648,1,-1,5,1
21654,0,-1,5,1
21659,0,-1,5,1
21665,1,-1,5,1
21671,0,-1,5,1
21677,1,-1,5,1
21683,1,-1,5,1
21690,1,-1,5,1
21696,0,-1,5,1
21702,1,-1,5,1
21707,0,-1,5,1
21713,1,-1,5,1
21719,1,-1,5,1
21725,1,-1,5,1
21732,0,-1,5,1
21738,0,-1,5,1
21744,0,-1,5,1
21750,1,-1,5,1
21756,1,-1,5,1
21761,0,-1,5,1
21767,0,-1,5,1
21773,1,-1,5,1
21779,0,-1,5,1
21786,0,-1,5,1
21792,0,-1,5,1
21797,0,-1,5,1
21803,0,-1,5,1
21810,1,-1,5,1
21816,1,-1,5,1
21822,1,-1,5,1
21827,0,-1,5,1
21833,0,-1,5,1
21840,1,-1,5,1
21846,1,-1,5,1
21852,1,-1,5,1
21858,0,-1,5,1
21863,1,-1,5,1
21870,1,-1,5,1
21875,0,-1,5,1
21881,0,-1,5,1
21888,0,-1,5,1
21893,0,-1,5,1
21899,0,-1,5,1
21905,1,-1,5,1
21911,1,-1,5,1
21918,1,-1,5,1
21923,1,-1,5,1
21929,0,-1,5,1
21935,1,-1,5,1
21942,0,-1,5,1
21948,1,-1,5,1
21953,0,-1,5,1
21959,0,-1,5,1
21966,0,-1,5,1
21972,1,-1,5,1
21978,1,-1,5,1
21983,1,-1,5,1
21990,0,-1,5,1
21996,0,-1,5,1
22001,1,-1,5,1
22007,1,-1,5,1
22013,1,-1,5,1
22019,0,-1,5,1
22025,0,-1,5,1
22032,0,-1,5,1
22038,0,-1,5,1
22044,1,-1,5,1
22050,0,-1,5,1
22056,0,-1,5,1
22062,1,-1,5,1
22067,1,-1,5,1
22073,1,-1,5,1
22079,0,-1,5,1
22086,1,-1,5,1
22092,0,-1,5,1
22097,0,-1,5,1
22103,0,-1,5,1
22109,1,-1,5,1
22115,1,-1,5,1
22122,0,-1,5,1
22127,0,-1,5,1
22134,0,-1,5,1
22139,1,-1,5,1
22145,0,-1,5,1
22151,0,-1,5,1
22157,0,-1,5,1
22163,0,-1,5,1
22169,0,-1,5,1
22176,1,-1,5,1
22182,1,-1,5,1
22187,0,-1,5,1
22193,0,-1,5,1
22199,0,-1,5,1
22205,1,-1,5,1
22211,0,-1,5,1
22217,1,-1,5,1
22223,1,-1,5,1
22229,1,-1,5,1
22235,0,-1,5,1
22241,0,-1,5,1
22247,1,-1,5,1
22253,0,-1,5,1
22259,1,-1,5,1
22265,1,-1,5,1
22271,1,-1,5,1
22277,0,-1,5,1
22283,0,-1,5,1
22289,0,-1,5,1
22295,1,-1,5,1
22301,0,-1,5,1
22307,0,-1,5,1
22313,0,-1,5,1
22319,0,-1,5,1
22325,0,-1,5,1
22331,0,-1,5,1
22337,1,-1,5,1
22343,1,-1,5,1
22349,0,-1,5,1
22355,0,-1,5,1
22361,0,-1,5,1
22367,0,-1,5,1
22373,1,-1,5,1
22379,0,-1,5,1
22385,0,-1,5,1
22391,0,-1,5,1
22397,0,-1,5,1
22403,0,-1,5,1
22409,1,-1,5,1
22415,1,-1,5,1
22421,0,-1,5,1
22427,1,-1,5,1
22433,1,-1,5,1
22439,1,-1,5,1
22445,1,-1,5,1
22451,0,-1,5,1
22457,0,-1,5,1
22463,0,-1,5,1
22469,0,-1,5,1
22475,0,-1,5,1
22481,0,-1,5,1
22487,1,-1,5,1
22493,0,-1,5,1
22499,1,-1,5,1
22505,0,-1,5,1
22511,0,-1,5,1
22517,0,-1,5,1
22523,0,-1,5,1
22529,0,-1,5,1
22535,0,-1,5,1
22541,0,-1,5,1
22547,0,-1,5,1
22553,1,-1,5,1
22558,0,-1,5,1
22565,0,-1,5,1
22571,0,-1,5,1
22577,1,-1,5,1
22583,1,-1,5,1
22589,1,-1,5,1
22595,0,-1,5,1
22600,1,-1,5,1
22606,1,-1,5,1
22613,0,-1,5,1
22619,0,-1,5,1
22625,1,-1,5,1
22631,0,-1,5,1
22637,0,-1,5,1
22643,1,-1,5,1
22649,0,-1,5,1
22654,1,-1,5,1
22661,0,-1,5,1
22667,0,-1,5,1
22673,1,-1,5,1
22679,0,-1,5,1
22685,1,-1,5,1
22691,0,-1,5,1
22697,1,-1,5,1
22703,0,-1,5,1
22709,0,-1,5,1
22715,1,-1,5,1
22721,0,-1,5,1
22727,1,-1,5,1
22732,0,-1,5,1
22739,0,-1,5,1
22745,0,-1,5,1
22751,1,-1,5,1
22757,1,-1,5,1
22763,1,-1,5,1
22769,0,-1,5,1
22775,1,-1,5,1
22781,0,-1,5,1
22787,0,-1,5,1
22792,0,-1,5,1
22799,1,-1,5,1
22804,0,-1,5,1
22811,1,-1,5,1
22817,0,-1,5,1
22823,0,-1,5,1
22829,1,-1,5,1
22835,1,-1,5,1
22841,0,-1,5,1
22846,0,-1,5,1
22852,0,-1,5,1
22858,0,-1,5,1
22865,1,-1,5,1
22871,1,-1,5,1
22877,0,-1,5,1
22883,0,-1,5,1
22888,0,-1,5,1
22895,0,-1,5,1
22901,1,-1,5,1
22906,1,-1,5,1
22912,1,-1,5,1
22919,0,-1,5,1
22925,1,-1,5,1
22931,0,-1,5,1
22937,1,-1,5,1
22943,1,-1,5,1
22949,1,-1,5,1
22955,0,-1,5,1
22960,1,-1,5,1
22966,0,-1,5,1
22973,0,-1,5,1
22979,1,-1,5,1
22984,0,-1,5,1
22991,1,-1,5,1
22997,1,-1,5,1
23003,0,-1,5,1
23009,0,-1,5,1
23015,1,-1,5,1
23021,1,-1,5,1
23027,0,-1,5,1
23032,0,-1,5,1
23038,0,-1,5,1
23044,0,-1,5,1
23050,0,-1,5,1
23056,0,-1,5,1
23062,0,-1,5,1
23069,1,-1,5,1
23075,1,-1,5,1
23080,0,-1,5,1
23087,0,-1,5,1
23093,0,-1,5,1
23099,1,-1,5,1
23105,0,-1,5,1
23111,1,-1,5,1
23116,0,-1,5,1
23122,0,-1,5,1
23128,0,-1,5,1
23134,0,-1,5,1
23140,0,-1,5,1
23147,1,-1,5,1
23152,0,-1,5,1
23158,1,-1,5,1
23164,1,-1,5,1
23170,1,-1,5,1
23177,1,-1,5,1
23182,1,-1,5,1
23188,1,-1,5,1
23194,0,-1,5,1
23200,0,-1,5,1
23206,1,-1,5,1
23212,1,-1,5,1
23218,1,-1,5,1
23224,0,-1,5,1
23230,1,-1,5,1
23236,0,-1,5,1
23242,0,-1,5,1
23248,1,-1,5,1
23254,0,-1,5,1
23260,0,-1,5,1
23265,1,-1,5,1
23272,0,-1,5,1
23278,0,-1,5,1
23284,0,-1,5,1
23290,0,-1,5,1
23296,1,-1,5,1
23302,0,-1,5,1
23308,0,-1,5,1
23314,1,-1,5,1
23320,0,-1,5,1
23326,0,-1,5,1
23332,0,-1,5,1
23337,1,-1,5,1
23344,0,-1,5,1
23350,0,-1,5,1
23356,1,-1,5,1
23362,0,-1,5,1
23368,1,-1,5,1
23374,1,-1,5,1
23380,0,-1,5,1
23386,1,-1,5,1
23392,0,-1,5,1
23398,1,-1,5,1
23404,0,-1,5,1
23410,1,-1,5,1
23416,0,-1,5,1
23422,0,-1,5,1
23428,0,-1,5,1
23434,1,-1,5,1
23440,1,-1,5,1
23446,1,-1,5,1
23452,0,-1,5,1
23458,1,-1,5,1
23464,0,-1,5,1
23470,0,-1,5,1
23476,1,-1,5,1
23482,1,-1,5,1
23488,0,-1,5,1
23494,1,-1,5,1
23500,0,-1,5,1
23506,0,-1,5,1
23512,1,-1,5,1
23518,0,-1,5,1
23523,1,-1,5,1
23529,0,-1,5,1
23536,1,-1,5,1
23542,0,-1,5,1
23548,0,-1,5,1
23554,0,-1,5,1
23559,0,-1,5,1
23566,0,-1,5,1
23572,1,-1,5,1
23578,0,-1,5,1
23584,1,-1,5,1
23590,0,-1,5,1
23596,1,-1,5,1
23602,1,-1,5,1
23608,1,-1,5,1
23614,0,-1,5,1
23619,0,-1,5,1
23626,1,-1,5,1
23632,1,-1,5,1
23637,0,-1,5,1
23643,1,-1,5,1
23650,1,-1,5,1
23656,1,-1,5,1
23661,0,-1,5,1
23667,0,-1,5,1
23674,1,-1,5,1
23680,1,-1,5,1
23685,0,-1,5,1
23692,1,-1,5,1
23697,0,-1,5,1
23703,1,-1,5,1
23709,0,-1,5,1
23716,0,-1,5,1
23721,0,-1,5,1
23728,1,-1,5,1
23734,0,-1,5,1
23740,1,-1,5,1
23746,0,-1,5,1
23751,1,-1,5,1
23758,1,-1,5,1
23763,0,-1,5,1
23769,1,-1,5,1
23775,0,-1,5,1
23782,0,-1,5,1
23788,0,-1,5,1
23794,0,-1,5,1
23800,0,-1,5,1
23806,0,-1,5,1
23812,0,-1,5,1
23818,0,-1,5,1
23823,1,-1,5,1
23830,0,-1,5,1
23836,0,-1,5,1
23841,1,-1,5,1
23847,0,-1,5,1
23853,0,-1,5,1
23859,1,-1,5,1
23865,1,-1,5,1
23872,0,-1,5,1
23878,0,-1,5,1
23884,0,-1,5,1
23890,0,-1,5,1
23895,1,-1,5,1
23901,0,-1,5,1
23908,0,-1,5,1
23914,1,-1,5,1
23919,1,-1,5,1
23926,1,-1,5,1
23932,0,-1,5,1
23938,0,-1,5,1
23944,1,-1,5,1
23950,1,-1,5,1
23956,1,-1,5,1
23962,1,-1,5,1
23968,1,-1,5,1
23974,0,-1,5,1
23980,0,-1,5,1
23985,0,-1,5,1
23991,0,-1,5,1
23998,0,-1,5,1
24004,0,-1,5,1
24010,0,-1,5,1
24015,1,-1,5,1
24021,0,-1,5,1
24027,0,-1,5,1
24034,1,-1,5,1
24040,1,-1,5,1
24046,1,-1,5,1
24051,1,-1,5,1
24057,0,-1,5,1
24064,0,-1,5,1
24070,0,-1,5,1
24076,1,-1,5,1
24082,0,-1,5,1
24088,0,-1,5,1
24093,0,-1,5,1
24099,1,-1,5,1
24106,0,-1,5,1
24112,0,-1,5,1
24118,0,-1,5,1
24123,1,-1,5,1
24129,0,-1,5,1
24135,1,-1,5,1
24141,0,-1,5,1
24147,0,-1,5,1
24153,0,-1,5,1
24159,1,-1,5,1
24165,0,-1,5,1
24171,0,-1,5,1
24178,0,-1,5,1
24183,1,-1,5,1
24189,0,-1,5,1
24195,0,-1,5,1
24201,0,-1,5,1
24207,1,-1,5,1
24213,0,-1,5,1
24219,0,-1,5,1
24225,1,-1,5,1
24231,1,-1,5,1
24237,0,-1,5,1
24243,1,-1,5,1
24249,0,-1,5,1
24255,1,-1,5,1
24261,1,-1,5,1
24267,1,-1,5,1
24273,1,-1,5,1
24279,0,-1,5,1
24285,1,-1,5,1
24291,0,-1,5,1
24297,0,-1,5,1
24303,1,-1,5,1
24309,1,-1,5,1
24315,1,-1,5,1
24321,0,-1,5,1
24327,0,-1,5,1
24333,0,-1,5,1
24339,0,-1,5,1
24345,0,-1,5,1
24351,0,-1,5,1
24357,1,-1,5,1
24363,0,-1,5,1
24369,0,-1,5,1
24375,0,-1,5,1
24381,1,-1,5,1
24387,1,-1,5,1
24393,0,-1,5,1
24399,1,-1,5,1
24405,1,-1,5,1
24411,0,-1,5,1
24417,1,-1,5,1
24423,1,-1,5,1
24428,0,-1,5,1
24435,1,-1,5,1
24441,0,-1,5,1
24447,0,-1,5,1
24452,1,-1,5,1
24458,0,-1,5,1
24465,1,-1,5,1
24471,0,-1,5,1
24477,0,-1,5,1
24483,0,-1,5,1
24489,0,-1,5,1
24495,0,-1,5,1
24501,1,-1,5,1
24507,1,-1,5,1
24513,1,-1,5,1
24519,0,-1,5,1
24525,0,-1,5,1
24531,0,-1,5,1
24537,0,-1,5,1
24543,0,-1,5,1
24549,1,-1,5,1
24555,1,-1,5,1
24561,1,-1,5,1
24566,0,-1,5,1
24572,0,-1,5,1
24578,1,-1,5,1
24585,0,-1,5,1
24591,0,-1,5,1
24597,1,-1,5,1
24602,0,-1,5,1
24609,0,-1,5,1
24615,1,-1,5,1
24621,0,-1,5,1
24627,0,-1,5,1
24632,1,-1,5,1
24639,1,-1,5,1
24645,0,-1,5,1
24651,1,-1,5,1
24657,0,-1,5,1
24663,0,-1,5,1
24669,1,-1,5,1
24675,0,-1,5,1
24680,1,-1,5,1
24687,1,-1,5,1
24693,1,-1,5,1
24698,0,-1,5,1
24704,1,-1,5,1
24710,1,-1,5,1
24716,0,-1,5,1
24722,1,-1,5,1
24729,1,-1,5,1
24735,0,-1,5,1
24741,1,-1,5,1
24747,1,-1,5,1
24753,0,-1,5,1
24758,0,-1,5,1
24765,0,-1,5,1
24771,0,-1,5,1
24777,0,-1,5,1
24783,1,-1,5,1
24789,1,-1,5,1
24795,0,-1,5,1
24800,1,-1,5,1
24807,0,-1,5,1
24813,0,-1,5,1
24819,0,-1,5,1
24824,0,-1,5,1
24830,1,-1,5,1
24836,0,-1,5,1
24842,0,-1,5,1
24849,0,-1,5,1
24855,0,-1,5,1
24860,1,-1,5,1
24867,0,-1,5,1
24873,0,-1,5,1
24879,0,-1,5,1
24885,0,-1,5,1
24890,0,-1,5,1
24896,1,-1,5,1
24903,0,-1,5,1
24909,0,-1,5,1
24915,0,-1,5,1
24920,0,-1,5,1
24927,1,-1,5,1
24933,0,-1,5,1
24938,0,-1,5,1
24945,0,-1,5,1
24950,1,-1,5,1
24956,0,-1,5,1
24962,1,-1,5,1
24969,0,-1,5,1
24974,0,-1,5,1
24981,1,-1,5,1
24987,1,-1,5,1
24993,1,-1,5,1
24999,0,-1,5,1
25005,1,-1,5,1
25011,1,-1,5,1
25016,1,-1,5,1
25022,1,-1,5,1
25029,1,-1,5,1
25035,1,-1,5,1
25041,1,-1,5,1
25046,1,-1,5,1
25052,0,-1,5,1
25058,0,-1,5,1
25065,0,-1,5,1
25071,1,-1,5,1
25076,0,-1,5,1
25082,1,-1,5,1
25088,1,-1,5,1
25094,0,-1,5,1
25101,0,-1,5,1
25106,1,-1,5,1
25112,0,-1,5,1
25118,1,-1,5,1
25125,1,-1,5,1
25130,0,-1,5,1
25136,0,-1,5,1
25142,0,-1,5,1
25148,0,-1,5,1
25155,1,-1,5,1
25160,1,-1,5,1
25166,0,-1,5,1
25173,0,-1,5,1
25178,0,-1,5,1
25184,0,-1,5,1
25190,0,-1,5,1
25196,0,-1,5,1
25202,1,-1,5,1
25208,1,-1,5,1
25214,0,-1,5,1
25220,0,-1,5,1
25226,1,-1,5,1
25232,0,-1,5,1
25238,1,-1,5,1
25244,0,-1,5,1
25250,1,-1,5,1
25256,1,-1,5,1
25263,0,-1,5,1
25268,0,-1,5,1
25274,0,-1,5,1
25280,1,-1,5,1
25286,0,-1,5,1
25292,1,-1,5,1
25298,0,-1,5,1
25304,0,-1,5,1
25310,1,-1,5,1
25316,0,-1,5,1
25322,1,-1,5,1
25328,0,-1,5,1
25334,1,-1,5,1
25340,0,-1,5,1
25346,1,-1,5,1
25352,1,-1,5,1
25358,0,-1,5,1
25364,1,-1,5,1
25370,1,-1,5,1
25376,0,-1,5,1
25382,0,-1,5,1
25387,1,-1,5,1
25394,0,-1,5,1
25400,1,-1,5,1
25406,1,-1,5,1
25412,1,-1,5,1
25418,1,-1,5,1
25423,0,-1,5,1
25430,1,-1,5,1
25435,0,-1,5,1
25442,0,-1,5,1
25448,1,-1,5,1
25453,0,-1,5,1
25460,1,-1,5,1
25466,1,-1,5,1
25472,1,-1,5,1
25478,1,-1,5,1
25484,0,-1,5,1
25490,0,-1,5,1
25496,0,-1,5,1
25502,1,-1,5,1
25508,1,-1,5,1
25514,0,-1,5,1
25520,0,-1,5,1
25526,1,-1,5,1
25532,0,-1,5,1
25538,1,-1,5,1
25544,0,-1,5,1
25550,1,-1,5,1
25556,0,-1,5,1
25561,1,-1,5,1
25568,0,-1,5,1
25574,0,-1,5,1
25580,1,-1,5,1
25586,0,-1,5,1
25592,1,-1,5,1
25598,1,-1,5,1
25604,0,-1,5,1
25610,0,-1,5,1
25616,1,-1,5,1
25622,0,-1,5,1
25628,1,-1,5,1
25634,0,-1,5,1
25640,1,-1,5,1
25646,1,-1,5,1
25652,1,-1,5,1
25658,0,-1,5,1
25664,0,-1,5,1
25670,1,-1,5,1
25676,0,-1,5,1
25681,1,-1,5,1
25687,0,-1,5,1
25694,1,-1,5,1
25700,1,-1,5,1
25706,1,-1,5,1
25712,0,-1,5,1
25718,0,-1,5,1
25724,0,-1,5,1
25730,0,-1,5,1
25736,0,-1,5,1
25742,1,-1,5,1
25747,0,-1,5,1
25753,1,-1,5,1
25760,1,-1,5,1
25766,1,-1,5,1
25772,0,-1,5,1
25778,1,-1,5,1
25784,0,-1,5,1
25789,1,-1,5,1
25795,1,-1,5,1
25802,1,-1,5,1
25807,1,-1,5,1
25813,1,-1,5,1
25820,1,-1,5,1
25826,1,-1,5,1
25832,1,-1,5,1
25838,0,-1,5,1
25844,0,-1,5,1
25850,0,-1,5,1
25856,0,-1,5,1
25862,1,-1,5,1
25867,0,-1,5,1
25873,1,-1,5,1
25879,1,-1,5,1
25885,0,-1,5,1
25891,1,-1,5,1
25897,0,-1,5,1
25904,1,-1,5,1
25910,1,-1,5,1
25916,0,-1,5,1
25922,0,-1,5,1
25928,1,-1,5,1
25934,0,-1,5,1
25940,0,-1,5,1
25945,0,-1,5,1
25951,1,-1,5,1
25957,0,-1,5,1
25964,0,-1,5,1
25970,0,-1,5,1
25975,1,-1,5,1
25982,0,-1,5,1
25987,1,-1,5,1
25993,0,-1,5,1
26000,1,-1,5,1
26006,0,-1,5,1
26012,0,-1,5,1
26017,1,-1,5,1
26023,0,-1,5,1
26029,0,-1,5,1
26036,0,-1,5,1
26041,0,-1,5,1
26047,0,-1,5,1
26053,0,-1,5,1
26060,0,-1,5,1
26065,1,-1,5,1
26071,0,-1,5,1
26078,1,-1,5,1
26084,1,-1,5,1
26090,1,-1,5,1
26095,1,-1,5,1
26101,0,-1,5,1
26108,0,-1,5,1
26113,1,-1,5,1
26119,0,-1,5,1
26125,1,-1,5,1
26131,1,-1,5,1
26137,0,-1,5,1
26143,0,-1,5,1
26149,1,-1,5,1
26155,0,-1,5,1
26161,0,-1,5,1
26167,1,-1,5,1
26173,0,-1,5,1
26179,1,-1,5,1
26185,1,-1,5,1
26191,0,-1,5,1
26197,0,-1,5,1
26203,0,-1,5,1
26209,0,-1,5,1
26215,0,-1,5,1
26221,1,-1,5,1
26227,1,-1,5,1
26233,1,-1,5,1
26239,0,-1,5,1
26245,0,-1,5,1
26251,1,-1,5,1
26257,0,-1,5,1
26263,1,-1,5,1
26269,1,-1,5,1
26275,0,-1,5,1
26281,0,-1,5,1
26287,0,-1,5,1
26293,0,-1,5,1
26299,1,-1,5,1
26305,0,-1,5,1
26311,1,-1,5,1
26317,0,-1,5,1
26323,0,-1,5,1
26329,0,-1,5,1
26335,0,-1,5,1
26341,0,-1,5,1
26347,0,-1,5,1
26353,1,-1,5,1
26359,0,-1,5,1
26365,0,-1,5,1
26371,1,-1,5,1
26377,1,-1,5,1
26383,0,-1,5,1
26388,1,-1,5,1
26395,0,-1,5,1
26401,0,-1,5,1
26407,1,-1,5,1
26413,1,-1,5,1
26419,0,-1,5,1
26425,1,-1,5,1
26430,1,-1,5,1
26437,0,-1,5,1
26443,0,-1,5,1
26449,0,-1,5,1
26454,1,-1,5,1
26461,0,-1,5,1
26467,0,-1,5,1
26473,0,-1,5,1
26479,0,-1,5,1
26485,1,-1,5,1
26491,1,-1,5,1
26497,0,-1,5,1
26503,0,-1,5,1
26509,1,-1,5,1
26515,0,-1,5,1
26521,1,-1,5,1
26527,1,-1,5,1
26533,0,-1,5,1
26539,0,-1,5,1
26545,0,-1,5,1
26551,0,-1,5,1
26557,1,-1,5,1
26563,1,-1,5,1
26569,1,-1,5,1
26575,1,-1,5,1
26581,0,-1,5,1
26586,0,-1,5,1
26593,1,-1,5,1
26599,0,-1,5,1
26605,1,-1,5,1
26611,1,-1,5,1
26617,1,-1,5,1
26623,0,-1,5,1
26629,1,-1,5,1
26635,1,-1,5,1
26641,0,-1,5,1
26647,0,-1,5,1
26652,1,-1,5,1
26658,1,-1,5,1
26665,0,-1,5,1
26671,1,-1,5,1
26677,0,-1,5,1
26683,0,-1,5,1
26689,1,-1,5,1
26694,1,-1,5,1
26701,1,-1,5,1
26707,1,-1,5,1
26713,0,-1,5,1
26718,1,-1,5,1
26724,0,-1,5,1
26731,1,-1,5,1
26737,1,-1,5,1
26742,0,-1,5,1
26748,0,-1,5,1
26755,0,-1,5,1
26761,1,-1,5,1
26767,1,-1,5,1
26773,1,-1,5,1
26779,0,-1,5,1
26785,0,-1,5,1
26790,0,-1,5,1
26797,0,-1,5,1
26803,0,-1,5,1
26809,0,-1,5,1
26815,1,-1,5,1
26821,1,-1,5,1
26827,0,-1,5,1
26833,1,-1,5,1
26838,1,-1,5,1
26844,0,-1,5,1
26851,0,-1,5,1
26857,1,-1,5,1
26863,0,-1,5,1
26869,1,-1,5,1
26875,0,-1,5,1
26881,1,-1,5,1
26886,0,-1,5,1
26892,1,-1,5,1
26899,0,-1,5,1
26904,0,-1,5,1
26910,0,-1,5,1
26916,0,-1,5,1
26923,0,-1,5,1
26929,0,-1,5,1
26935,0,-1,5,1
26941,0,-1,5,1
26947,0,-1,5,1
26952,1,-1,5,1
26957,1,-1,5,1
26965,0,-1,5,1
26971,1,-1,5,1
26977,1,-1,5,1
26982,1,-1,5,1
26988,0,-1,5,1
26994,1,-1,5,1
27001,1,-1,5,1
27006,1,-1,5,1
27012,0,-1,5,1
27019,0,-1,5,1
27025,1,-1,5,1
27031,1,-1,5,1
27037,0,-1,5,1
27043,0,-1,5,1
27049,0,-1,5,1
27055,0,-1,5,1
27061,0,-1,5,1
27067,1,-1,5,1
27073,1,-1,5,1
27079,1,-1,5,1
27085,1,-1,5,1
27091,0,-1,5,1
27097,0,-1,5,1
27103,0,-1,5,1
27109,0,-1,5,1
27115,0,-1,5,1
27121,1,-1,5,1
27126,0,-1,5,1
27132,1,-1,5,1
27138,1,-1,5,1
27145,1,-1,5,1
27150,0,-1,5,1
27156,1,-1,5,1
27162,0,-1,5,1
27168,1,-1,5,1
27174,0,-1,5,1
27180,1,-1,5,1
27186,1,-1,5,1
27192,1,-1,5,1
27198,0,-1,5,1
27204,1,-1,5,1
27210,1,-1,5,1
27216,1,-1,5,1
27222,1,-1,5,1
27228,1,-1,5,1
27234,0,-1,5,1
27240,1,-1,5,1
27246,0,-1,5,1
27252,1,-1,5,1
27258,1,-1,5,1
27264,1,-1,5,1
27270,1,-1,5,1
27276,1,-1,5,1
27282,0,-1,5,1
27288,1,-1,5,1
27294,1,-1,5,1
27300,1,-1,5,1
27306,0,-1,5,1
27312,0,-1,5,1
27318,0,-1,5,1
27324,1,-1,5,1
27330,0,-1,5,1
27336,0,-1,5,1
27342,0,-1,5,1
27348,0,-1,5,1
27354,0,-1,5,1
27360,0,-1,5,1
27366,1,-1,5,1
27372,0,-1,5,1
27378,1,-1,5,1
27384,1,-1,5,1
27390,1,-1,5,1
27396,1,-1,5,1
27401,0,-1,5,1
27408,1,-1,5,1
27414,0,-1,5,1
27420,1,-1,5,1
27426,1,-1,5,1
27432,0,-1,5,1
27438,1,-1,5,1
27443,1,-1,5,1
27449,1,-1,5,1
27455,1,-1,5,1
27461,0,-1,5,1
27468,0,-1,5,1
27474,0,-1,5,1
27480,0,-1,5,1
27485,0,-1,5,1
27492,1,-1,5,1
27497,0,-1,5,1
27504,0,-1,5,1
27510,0,-1,5,1
27516,0,-1,5,1
27522,1,-1,5,1
27528,0,-1,5,1
27534,0,-1,5,1
27540,0,-1,5,1
27546,0,-1,5,1
27552,0,-1,5,1
27558,0,-1,5,1
27564,0,-1,5,1
27570,0,-1,5,1
27576,0,-1,5,1
27582,0,-1,5,1
27588,0,-1,5,1
27594,0,-1,5,1
27600,0,-1,5,1
27605,0,-1,5,1
27612,0,-1,5,1
27618,0,-1,5,1
27624,1,-1,5,1
27630,1,-1,5,1
27635,0,-1,5,1
27641,0,-1,5,1
27648,1,-1,5,1
27654,1,-1,5,1
27659,0,-1,5,1
27666,0,-1,5,1
27672,0,-1,5,1
27678,0,-1,5,1
27683,1,-1,5,1
27690,0,-1,5,1
27695,1,-1,5,1
27702,1,-1,5,1
27708,0,-1,5,1
27714,1,-1,5,1
27720,0,-1,5,1
27726,0,-1,5,1
27732,0,-1,5,1
27738,1,-1,5,1
27744,1,-1,5,1
27749,0,-1,5,1
27756,0,-1,5,1
27761,0,-1,5,1
27767,0,-1,5,1
27774,0,-1,5,1
27780,0,-1,5,1
27786,1,-1,5,1
27791,0,-1,5,1
27797,0,-1,5,1
27804,0,-1,5,1
27810,1,-1,5,1
27816,0,-1,5,1
27822,1,-1,5,1
27828,0,-1,5,1
27833,0,-1,5,1
27839,0,-1,5,1
27845,1,-1,5,1
27852,0,-1,5,1
27857,0,-1,5,1
27864,1,-1,5,1
27870,1,-1,5,1
27876,1,-1,5,1
27882,0,-1,5,1
27887,0,-1,5,1
27893,0,-1,5,1
27899,0,-1,5,1
27905,0,-1,5,1
27911,0,-1,5,1
27918,0,-1,5,1
27924,1,-1,5,1
27930,1,-1,5,1
27935,0,-1,5,1
27941,0,-1,5,1
27948,1,-1,5,1
27954,1,-1,5,1
27960,0,-1,5,1
27965,0,-1,5,1
27972,1,-1,5,1
27977,0,-1,5,1
27983,0,-1,5,1
27990,0,-1,5,1
27995,1,-1,5,1
28002,1,-1,5,1
28007,0,-1,5,1
28013,0,-1,5,1
28020,0,-1,5,1
28025,0,-1,5,1
28031,1,-1,5,1
28037,0,-1,5,1
28043,0,-1,5,1
28049,0,-1,5,1
28055,0,-1,5,1
28062,0,-1,5,1
28067,0,-1,5,1
28073,1,-1,5,1
28079,0,-1,5,1
28085,0,-1,5,1
28091,1,-1,5,1
28097,1,-1,5,1
28103,0,-1,5,1
28109,1,-1,5,1
28115,1,-1,5,1
28121,0,-1,5,1
28127,0,-1,5,1
28133,0,-1,5,1
28139,0,-1,5,1
28145,1,-1,5,1
28151,0,-1,5,1
28157,0,-1,5,1
28163,0,-1,5,1
28169,1,-1,5,1
28175,0,-1,5,1
28181,0,-1,5,1
28187,1,-1,5,1
28193,1,-1,5,1
28199,0,-1,5,1
28205,1,-1,5,1
28211,0,-1,5,1
28217,0,-1,5,1
28223,0,-1,5,1
28229,1,-1,5,1
28235,0,-1,5,1
28241,1,-1,5,1
28247,0,-1,5,1
28253,0,-1,5,1
28258,0,-1,5,1
28265,0,-1,5,1
28271,1,-1,5,1
28277,1,-1,5,1
28283,1,-1,5,1
28289,1,-1,5,1
28295,0,-1,5,1
28301,1,-1,5,1
28307,0,-1,5,1
28313,0,-1,5,1
28319,1,-1,5,1
28325,0,-1,5,1
28331,1,-1,5,1
28336,0,-1,5,1
28343,0,-1,5,1
28349,0,-1,5,1
28355,0,-1,5,1
28361,0,-1,5,1
28367,1,-1,5,1
28373,0,-1,5,1
28379,0,-1,5,1
28385,0,-1,5,1
28391,0,-1,5,1
28397,1,-1,5,1
28403,0,-1,5,1
28409,1,-1,5,1
28415,0,-1,5,1
28421,0,-1,5,1
28427,0,-1,5,1
28433,1,-1,5,1
28439,0,-1,5,1
28445,1,-1,5,1
28451,0,-1,5,1
28457,1,-1,5,1
28462,0,-1,5,1
28468,0,-1,5,1
28474,0,-1,5,1
28481,1,-1,5,1
28487,0,-1,5,1
28493,0,-1,5,1
28499,0,-1,5,1
28505,0,-1,5,1
28511,1,-1,5,1
28517,0,-1,5,1
28523,1,-1,5,1
28529,1,-1,5,1
28535,0,-1,5,1
28541,0,-1,5,1
28547,1,-1,5,1
28553,0,-1,5,1
28558,1,-1,5,1
28564,0,-1,5,1
28570,0,-1,5,1
28577,1,-1,5,1
28583,1,-1,5,1
28589,1,-1,5,1
28595,1,-1,5,1
28601,0,-1,5,1
28607,0,-1,5,1
28613,1,-1,5,1
28619,1,-1,5,1
28625,0,-1,5,1
28631,0,-1,5,1
28637,0,-1,5,1
28643,0,-1,5,1
28648,0,-1,5,1
28654,1,-1,5,1
28660,0,-1,5,1
28666,1,-1,5,1
28673,0,-1,5,1
28679,0,-1,5,1
28685,1,-1,5,1
28691,0,-1,5,1
28697,1,-1,5,1
28703,0,-1,5,1
28709,1,-1,5,1
28715,1,-1,5,1
28721,0,-1,5,1
28727,0,-1,5,1
28733,0,-1,5,1
28739,1,-1,5,1
28745,0,-1,5,1
28751,1,-1,5,1
28757,0,-1,5,1
28762,1,-1,5,1
28768,0,-1,5,1
28774,0,-1,5,1
28781,1,-1,5,1
28786,1,-1,5,1
28792,1,-1,5,1
28798,0,-1,5,1
28805,0,-1,5,1
28811,0,-1,5,1
28816,0,-1,5,1
28822,0,-1,5,1
28828,0,-1,5,1
28834,0,-1,5,1
28841,1,-1,5,1
28847,0,-1,5,1
28853,1,-1,5,1
28858,0,-1,5,1
28864,1,-1,5,1
28870,1,-1,5,1
28877,0,-1,5,1
28883,1,-1,5,1
28888,1,-1,5,1
28894,0,-1,5,1
28900,0,-1,5,1
28907,1,-1,5,1
28913,0,-1,5,1
28918,0,-1,5,1
28924,1,-1,5,1
28930,0,-1,5,1
28937,1,-1,5,1
28942,1,-1,5,1
28949,0,-1,5,1
28954,0,-1,5,1
28960,0,-1,5,1
28966,0,-1,5,1
28973,0,-1,5,1
28978,0,-1,5,1
28984,0,-1,5,1
28990,0,-1,5,1
28996,0,-1,5,1
29002,0,-1,5,1
29009,0,-1,5,1
29015,0,-1,5,1
29021,0,-1,5,1
29026,0,-1,5,1
29033,1,-1,5,1
29038,1,-1,5,1
29045,0,-1,5,1
29051,1,-1,5,1
29057,0,-1,5,1
29063,1,-1,5,1
29069,1,-1,5,1
29075,1,-1,5,1
29081,0,-1,5,1
29087,0,-1,5,1
29092,0,-1,5,1
29098,1,-1,5,1
29104,1,-1,5,1
29110,0,-1,5,1
29116,0,-1,5,1
29122,1,-1,5,1
29128,0,-1,5,1
29134,0,-1,5,1
29140,1,-1,5,1
29146,0,-1,5,1
29153,0,-1,5,1
29159,0,-1,5,1
29164,1,-1,5,1
29170,0,-1,5,1
29176,1,-1,5,1
29182,0,-1,5,1
29188,0,-1,5,1
29194,0,-1,5,1
29199,1,-1,5,1
29206,0,-1,5,1
29212,1,-1,5,1
29218,0,-1,5,1
29224,0,-1,5,1
29230,0,-1,5,1
29236,0,-1,5,1
29242,1,-1,5,1
29248,0,-1,5,1
29254,0,-1,5,1
29260,0,-1,5,1
29266,0,-1,5,1
29272,0,-1,5,1
29278,0,-1,5,1
29284,0,-1,5,1
29290,0,-1,5,1
29296,0,-1,5,1
29302,1,-1,5,1
29308,0,-1,5,1
29314,1,-1,5,1
29320,0,-1,5,1
29326,1,-1,5,1
29332,0,-1,5,1
29338,0,-1,5,1
29344,0,-1,5,1
29350,0,-1,5,1
29356,1,-1,5,1
29362,0,-1,5,1
29368,0,-1,5,1
29374,0,-1,5,1
29380,0,-1,5,1
29386,0,-1,5,1
29392,0,-1,5,1
29398,0,-1,5,1
29404,0,-1,5,1
29410,1,-1,5,1
29416,0,-1,5,1
29421,0,-1,5,1
29428,0,-1,5,1
29434,0,-1,5,1
29440,0,-1,5,1
29446,0,-1,5,1
29452,1,-1,5,1
29458,1,-1,5,1
29464,0,-1,5,1
29470,0,-1,5,1
29476,0,-1,5,1
29482,1,-1,5,1
29488,0,-1,5,1
29494,1,-1,5,1
29500,0,-1,5,1
29506,1,-1,5,1
29512,1,-1,5,1
29518,1,-1,5,1
29524,1,-1,5,1
29530,0,-1,5,1
29536,1,-1,5,1
29542,0,-1,5,1
29548,0,-1,5,1
29554,0,-1,5,1
29560,0,-1,5,1
29566,0,-1,5,1
29572,0,-1,5,1
29578,0,-1,5,1
29584,0,-1,5,1
29590,1,-1,5,1
29595,0,-1,5,1
29601,1,-1,5,1
29607,0,-1,5,1
29613,0,-1,5,1
29620,0,-1,5,1
29625,0,-1,5,1
29631,0,-1,5,1
29638,0,-1,5,1
29644,0,-1,5,1
29650,0,-1,5,1
29656,0,-1,5,1
29662,0,-1,5,1
29668,0,-1,5,1
29674,0,-1,5,1
29680,1,-1,5,1
29686,1,-1,5,1
29692,1,-1,5,1
29697,1,-1,5,1
29703,1,-1,6,1
29710,2,-1,6,1
29716,2,0,8,2
29722,4,2,12,7
29728,6,5,17,12
29734,9,7,22,17
29740,11,10,27,22
29745,14,12,34,28
29751,17,16,40,35
29758,21,20,48,43
29764,25,24,56,51
29769,29,27,64,59
29775,33,32,73,67
29781,38,36,82,76
29787,42,40,90,84
29793,46,44,98,93
29800,50,48,107,101
29806,55,53,115,110
29812,59,57,124,119
29817,64,62,133,128
29824,68,67,142,137
29829,73,71,152,147
29835,78,76,162,157
29842,83,82,173,168
29848,88,87,183,179
29854,94,92,194,190
29860,99,97,204,201
29865,105,103,215,212
29871,111,109,226,223
29877,116,114,237,235
29883,122,120,248,245
29890,127,125,259,256
29896,132,130,269,267
29902,138,135,280,277
29908,143,140,290,288
29914,148,146,300,298
29919,153,150,311,308
29925,158,155,321,317
29931,163,160,331,328
29938,168,166,341,338
29943,173,171,351,348
29949,179,176,362,358
29956,184,181,372,368
29962,189,186,382,378
29968,194,191,392,389
29974,200,197,403,399
29980,205,202,413,409
29986,210,207,424,420
29991,216,212,434,431
29997,221,218,445,442
